entity_id,entity_alias_readable,Uncategorised,Decayed,Sweet,Woody,Medicinal,Sulfidic,Fruity,Smoky,Floral,Citrus,Mint
0,Egg,0.16,0.3,0.1,0.12,0.31,0.23,0.05,0.19,0.08,0.07,0.04
1,Bakery Products,0.03,0.3,0.04,0.02,0.0,0.23,0.05,0.09,0.08,0.07,0.04
2,Bread,0.31,0.67,0.32,0.18,0.35,0.3,0.16,0.34,0.28,0.16,0.17
3,Rye Bread,0.08,0.17,0.1,0.04,0.06,0.07,0.07,0.04,0.04,0.16,0.17
4,Wheaten Bread,0.08,0.17,0.09,0.07,0.02,0.07,0.05,0.1,0.04,0.01,0.17
5,White Bread,0.02,0.17,0.05,0.02,0.02,0.0,0.03,0.01,0.0,0.01,0.17
6,Wholewheat Bread,0.15,0.1,0.08,0.11,0.22,0.19,0.1,0.16,0.06,0.04,0.0
7,Wort,0.19,0.2,0.18,0.17,0.18,0.14,0.08,0.27,0.13,0.07,0.0
8,Arrack,0.01,0.2,0.01,0.17,0.06,0.01,0.03,0.01,0.13,0.07,0.0
9,Beer,0.72,0.87,0.67,0.57,0.71,0.59,0.57,0.96,0.58,0.4,0.05
10,Bantu Beer,0.03,0.87,0.04,0.01,0.1,0.07,0.04,0.04,0.04,0.0,0.05
11,Brandy,0.14,0.27,0.15,0.12,0.2,0.16,0.16,0.12,0.1,0.04,0.05
12,Anise Brandy,0.14,0.27,0.15,0.12,0.24,0.17,0.16,0.14,0.1,0.04,0.05
13,Apple Brandy,0.21,0.3,0.22,0.19,0.27,0.2,0.32,0.2,0.2,0.07,0.04
14,Armagnac Brandy,0.14,0.27,0.15,0.12,0.24,0.17,0.16,0.14,0.1,0.04,0.04
15,Blackberry Brandy,0.14,0.27,0.15,0.12,0.22,0.17,0.16,0.12,0.1,0.04,0.04
16,Cherry Brandy,0.16,0.27,0.16,0.12,0.2,0.16,0.19,0.14,0.11,0.04,0.01
17,Cognac Brandy,0.54,0.6,0.58,0.55,0.78,0.49,0.56,0.58,0.48,0.34,0.16
18,Papaya Brandy,0.14,0.27,0.15,0.12,0.22,0.16,0.17,0.12,0.1,0.04,0.16
19,Pear Brandy,0.17,0.27,0.17,0.16,0.29,0.17,0.25,0.16,0.15,0.06,0.16
20,Plum Brandy,0.19,0.27,0.2,0.15,0.39,0.21,0.25,0.22,0.19,0.06,0.04
21,Raspberry Brandy,0.14,0.27,0.16,0.13,0.2,0.16,0.17,0.12,0.14,0.04,0.04
22,Weinbrand Brandy,0.15,0.27,0.15,0.13,0.2,0.17,0.16,0.12,0.1,0.04,0.04
23,Gin,0.05,0.07,0.02,0.05,0.18,0.0,0.01,0.02,0.03,0.04,0.02
24,Rum,0.55,0.83,0.53,0.49,0.96,0.41,0.54,0.61,0.43,0.32,0.22
25,Whisky,0.32,0.5,0.33,0.25,0.41,0.24,0.37,0.39,0.26,0.1,0.05
26,Bourbon Whisky,0.35,0.5,0.35,0.29,0.57,0.27,0.39,0.42,0.27,0.1,0.07
27,Canadian Whisky,0.32,0.47,0.33,0.25,0.41,0.24,0.37,0.39,0.26,0.1,0.05
28,Finnish Whisky,0.34,0.6,0.34,0.25,0.41,0.3,0.37,0.42,0.28,0.1,0.05
29,Japanese Whisky,0.34,0.5,0.34,0.25,0.47,0.26,0.38,0.4,0.26,0.1,0.06
30,Malt Whisky,0.4,0.5,0.41,0.31,0.55,0.37,0.47,0.47,0.3,0.13,0.07
31,Scotch Whisky,0.38,0.53,0.36,0.3,0.53,0.34,0.42,0.46,0.27,0.13,0.07
32,Wine,0.36,0.47,0.4,0.34,0.49,0.26,0.41,0.36,0.34,0.24,0.06
33,Bilberry Wine,0.33,0.43,0.38,0.34,0.49,0.26,0.41,0.36,0.33,0.24,0.06
34,Botrytized Wine,0.34,0.5,0.39,0.36,0.49,0.27,0.42,0.36,0.34,0.24,0.06
35,Champagne,0.33,0.43,0.37,0.34,0.49,0.26,0.41,0.36,0.33,0.24,0.06
36,Cider,0.22,0.37,0.27,0.17,0.35,0.17,0.43,0.17,0.24,0.12,0.02
37,Plum Wine,0.33,0.43,0.37,0.34,0.49,0.26,0.41,0.37,0.33,0.24,0.06
38,Port Wine,0.36,0.53,0.41,0.36,0.49,0.27,0.45,0.39,0.35,0.24,0.06
39,Red Wine,0.44,0.5,0.51,0.41,0.57,0.31,0.53,0.45,0.42,0.28,0.13
40,Rose Wine,0.34,0.43,0.38,0.35,0.53,0.3,0.42,0.36,0.34,0.24,0.06
41,Sake,0.1,0.33,0.07,0.05,0.14,0.16,0.06,0.09,0.04,0.0,0.06
42,Sherry,0.47,0.73,0.5,0.43,0.59,0.31,0.5,0.47,0.4,0.25,0.07
43,Sparkling Wine,0.37,0.43,0.41,0.37,0.53,0.27,0.46,0.41,0.38,0.26,0.06
44,Strawberry Wine,0.34,0.43,0.39,0.34,0.49,0.26,0.43,0.37,0.33,0.24,0.06
45,White Wine,0.58,0.57,0.59,0.57,0.75,0.4,0.72,0.56,0.53,0.41,0.18
46,Coffee,0.69,0.83,0.68,0.58,0.88,0.91,0.32,0.8,0.31,0.13,0.12
47,Mate,0.18,0.1,0.12,0.18,0.14,0.2,0.05,0.23,0.16,0.13,0.06
48,Black Tea,0.21,0.07,0.23,0.22,0.08,0.21,0.22,0.29,0.17,0.03,0.11
49,Green Tea,0.09,0.07,0.1,0.09,0.0,0.07,0.04,0.1,0.05,0.01,0.11
50,Roibos Tea,0.03,0.07,0.04,0.03,0.02,0.07,0.04,0.03,0.03,0.01,0.0
51,Barley,0.35,0.4,0.4,0.19,0.27,0.24,0.12,0.36,0.27,0.12,0.17
52,Crispbread,0.06,0.1,0.07,0.04,0.02,0.03,0.02,0.08,0.04,0.12,0.17
53,Malt,0.32,0.47,0.31,0.28,0.37,0.37,0.13,0.51,0.21,0.09,0.01
54,Oats,0.43,0.4,0.42,0.42,0.47,0.36,0.2,0.56,0.38,0.29,0.3
55,Rice,0.54,0.8,0.51,0.41,0.53,0.43,0.22,0.66,0.46,0.35,0.28
56,Corn,0.49,0.3,0.47,0.45,0.41,0.26,0.18,0.47,0.55,0.47,0.39
57,Corn Oil,0.15,0.27,0.12,0.15,0.16,0.07,0.11,0.16,0.13,0.12,0.01
58,Popcorn,0.11,0.13,0.13,0.09,0.08,0.13,0.03,0.2,0.02,0.03,0.01
59,Sweetcorn,0.11,0.03,0.07,0.12,0.16,0.17,0.03,0.17,0.03,0.06,0.01
60,Butter,0.42,0.57,0.33,0.3,0.47,0.31,0.25,0.56,0.32,0.37,0.07
61,Buttermilk,0.04,0.13,0.01,0.01,0.04,0.06,0.01,0.01,0.32,0.37,0.07
62,Cheese,0.32,0.67,0.23,0.26,0.41,0.46,0.27,0.45,0.24,0.24,0.01
63,Blue Cheese,0.41,0.8,0.34,0.32,0.53,0.53,0.43,0.57,0.29,0.26,0.01
64,Camembert Cheese,0.37,0.8,0.28,0.3,0.51,0.56,0.32,0.5,0.25,0.24,0.02
65,Cheddar Cheese,0.41,0.77,0.31,0.33,0.61,0.53,0.36,0.55,0.27,0.24,0.04
66,Comte Cheese,0.35,0.7,0.29,0.28,0.45,0.51,0.33,0.45,0.25,0.24,0.01
67,Cottage Cheese,0.32,0.67,0.23,0.26,0.41,0.47,0.27,0.45,0.24,0.24,0.01
68,Cream Cheese,0.32,0.63,0.23,0.26,0.41,0.46,0.27,0.45,0.24,0.24,0.01
69,Domiati Cheese,0.32,0.63,0.23,0.26,0.43,0.46,0.28,0.45,0.24,0.24,0.01
70,Emmental Cheese,0.32,0.63,0.24,0.27,0.41,0.46,0.27,0.46,0.24,0.24,0.01
71,Feta Cheese,0.32,0.67,0.23,0.26,0.43,0.47,0.28,0.45,0.24,0.24,0.01
72,Goat Cheese,0.32,0.7,0.24,0.27,0.41,0.47,0.28,0.45,0.24,0.24,0.01
73,Gruyere Cheese,0.41,0.7,0.34,0.35,0.57,0.53,0.4,0.53,0.29,0.29,0.08
74,Limburger Cheese,0.33,0.63,0.23,0.27,0.41,0.47,0.27,0.46,0.24,0.24,0.01
75,Mozzarella Cheese,0.34,0.67,0.25,0.28,0.43,0.47,0.28,0.46,0.28,0.26,0.01
76,Munster Cheese,0.31,0.63,0.23,0.26,0.41,0.46,0.27,0.45,0.24,0.24,0.01
77,Other Cheeses,0.36,0.63,0.27,0.29,0.45,0.46,0.33,0.48,0.26,0.25,0.01
78,Parmesan Cheese,0.45,0.7,0.35,0.37,0.71,0.53,0.46,0.55,0.35,0.29,0.11
79,Provolone Cheese,0.34,0.83,0.26,0.27,0.45,0.5,0.31,0.46,0.24,0.24,0.01
80,Romano Cheese,0.33,0.73,0.24,0.27,0.45,0.49,0.28,0.46,0.24,0.24,0.02
81,Roquefort Cheese,0.31,0.63,0.23,0.26,0.41,0.46,0.27,0.45,0.24,0.24,0.01
82,Russian Cheese,0.34,0.7,0.26,0.29,0.41,0.51,0.27,0.49,0.26,0.26,0.01
83,Sheep Cheese,0.32,0.67,0.23,0.27,0.41,0.47,0.27,0.45,0.24,0.24,0.01
84,Swiss Cheese,0.4,0.73,0.34,0.35,0.57,0.49,0.32,0.54,0.26,0.25,0.05
85,Tilsit Cheese,0.32,0.63,0.23,0.26,0.41,0.46,0.27,0.45,0.24,0.24,0.01
86,Dairy Products,0.03,0.63,0.06,0.01,0.02,0.46,0.0,0.07,0.0,0.24,0.01
87,Ghee,0.0,0.63,0.06,0.01,0.02,0.46,0.0,0.0,0.0,0.24,0.01
88,Milk,0.32,0.73,0.28,0.23,0.47,0.47,0.21,0.47,0.27,0.28,0.05
89,Milk Fat,0.08,0.1,0.06,0.08,0.16,0.1,0.02,0.06,0.02,0.01,0.01
90,Goat Milk,0.01,0.0,0.0,0.0,0.16,0.1,0.0,0.01,0.01,0.0,0.01
91,Milk Powder,0.08,0.1,0.01,0.05,0.04,0.0,0.03,0.1,0.12,0.03,0.0
92,Sheep Milk,0.01,0.0,0.0,0.0,0.04,0.0,0.0,0.0,0.01,0.0,0.0
93,Skimmed Milk,0.01,0.0,0.0,0.0,0.0,0.0,0.0,0.0,0.01,0.0,0.0
94,Yogurt,0.08,0.3,0.09,0.09,0.1,0.16,0.04,0.09,0.04,0.03,0.0
95,Achilleas,0.0,0.3,0.0,0.0,0.1,0.16,0.04,0.09,0.04,0.03,0.02
96,Arar,0.02,0.0,0.02,0.03,0.02,0.16,0.01,0.0,0.0,0.04,0.07
97,Buchu,0.04,0.0,0.04,0.06,0.08,0.04,0.03,0.01,0.02,0.06,0.27
98,Cajeput,0.03,0.1,0.04,0.02,0.08,0.03,0.02,0.03,0.0,0.01,0.0
99,Camphor,0.03,0.07,0.04,0.04,0.06,0.01,0.0,0.06,0.03,0.01,0.04
100,Cascarilla,0.0,0.07,0.0,0.0,0.02,0.01,0.0,0.06,0.03,0.0,0.04
101,Cedar,0.0,0.07,0.0,0.0,0.02,0.01,0.0,0.06,0.03,0.0,0.04
102,Chamomile,0.4,0.33,0.45,0.46,0.37,0.27,0.39,0.26,0.35,0.37,0.43
103,Citronella,0.08,0.13,0.1,0.05,0.06,0.04,0.07,0.07,0.17,0.12,0.01
104,Citrus Peel Oil,0.17,0.1,0.12,0.24,0.27,0.03,0.13,0.18,0.21,0.4,0.23
105,Eucalyptus,0.1,0.17,0.09,0.18,0.16,0.09,0.09,0.06,0.11,0.12,0.25
106,Fir,0.01,0.17,0.0,0.01,0.16,0.09,0.09,0.06,0.11,0.12,0.0
107,Geranium,0.06,0.07,0.02,0.08,0.04,0.07,0.03,0.05,0.11,0.0,0.07
108,Grapefruit Peel Oil,0.02,0.0,0.0,0.05,0.04,0.01,0.02,0.03,0.05,0.03,0.01
109,Grass,0.0,0.0,0.0,0.0,0.04,0.01,0.02,0.01,0.05,0.03,0.04
110,Hops Oil,0.29,0.4,0.18,0.36,0.35,0.33,0.24,0.29,0.35,0.34,0.08
111,Hyacinth,0.05,0.0,0.06,0.04,0.0,0.0,0.03,0.04,0.04,0.01,0.0
112,Hyssop Oil,0.37,0.2,0.39,0.49,0.45,0.2,0.15,0.23,0.39,0.5,0.52
113,Lemon Grass,0.29,0.37,0.3,0.25,0.24,0.19,0.15,0.24,0.42,0.37,0.29
114,Lemon Peel Oil,0.09,0.0,0.05,0.13,0.06,0.01,0.05,0.07,0.12,0.22,0.16
115,Lime Peel Oil,0.04,0.0,0.04,0.07,0.0,0.01,0.02,0.05,0.01,0.09,0.08
116,Lovage,0.38,0.33,0.38,0.42,0.49,0.23,0.22,0.28,0.4,0.49,0.49
117,Mandarin Orange Peel Oil,0.05,0.07,0.04,0.07,0.49,0.01,0.02,0.03,0.07,0.07,0.04
118,Mastic Gum,0.15,0.07,0.13,0.21,0.16,0.03,0.13,0.13,0.1,0.19,0.23
119,Mentha Oil,0.1,0.03,0.07,0.14,0.08,0.01,0.06,0.04,0.11,0.21,0.35
120,Myrrh,0.0,0.03,0.01,0.0,0.08,0.01,0.0,0.04,0.02,0.01,0.02
121,Neroli Oil,0.05,0.03,0.04,0.04,0.02,0.01,0.02,0.0,0.14,0.07,0.01
122,Orange Oil,0.1,0.03,0.06,0.11,0.1,0.06,0.09,0.05,0.12,0.15,0.06
123,Orris,0.03,0.03,0.02,0.01,0.0,0.01,0.02,0.03,0.06,0.03,0.06
124,Clary Sage,0.12,0.07,0.1,0.16,0.16,0.09,0.08,0.14,0.22,0.29,0.12
125,Red Sage,0.02,0.07,0.02,0.01,0.0,0.03,0.01,0.01,0.03,0.0,0.01
126,Spanish Sage,0.02,0.07,0.02,0.03,0.04,0.03,0.01,0.01,0.05,0.03,0.04
127,Sandalwood,0.0,0.07,0.01,0.0,0.0,0.03,0.01,0.01,0.05,0.03,0.04
128,Sea Buckthorns,0.25,0.23,0.29,0.16,0.18,0.17,0.19,0.2,0.29,0.13,0.17
129,Sweet Grass,0.04,0.23,0.04,0.04,0.1,0.17,0.02,0.05,0.03,0.01,0.13
130,Valerian,0.02,0.1,0.01,0.03,0.1,0.01,0.01,0.0,0.01,0.01,0.02
131,Wattle,0.04,0.03,0.04,0.03,0.0,0.01,0.02,0.0,0.09,0.04,0.04
132,Yarrow,0.0,0.03,0.0,0.0,0.0,0.01,0.02,0.0,0.09,0.04,0.01
133,Ylang-Ylang,0.09,0.0,0.07,0.05,0.04,0.01,0.04,0.02,0.15,0.07,0.02
134,Clam,0.2,0.2,0.2,0.2,0.22,0.21,0.07,0.41,0.17,0.15,0.07
135,Crab,0.11,0.27,0.05,0.11,0.22,0.14,0.03,0.18,0.1,0.06,0.01
136,Crayfish,0.1,0.17,0.06,0.13,0.16,0.04,0.02,0.18,0.08,0.09,0.02
137,Kelp,0.25,0.2,0.25,0.17,0.22,0.19,0.11,0.23,0.29,0.16,0.18
138,Krill,0.07,0.03,0.04,0.11,0.1,0.13,0.03,0.15,0.01,0.01,0.18
139,Lobster,0.01,0.07,0.04,0.01,0.1,0.03,0.03,0.01,0.01,0.01,0.18
140,Mollusc,0.05,0.27,0.01,0.02,0.02,0.04,0.06,0.02,0.02,0.0,0.18
141,Oyster,0.09,0.2,0.03,0.08,0.1,0.17,0.05,0.12,0.07,0.1,0.18
142,Prawn,0.0,0.2,0.03,0.0,0.1,0.03,0.05,0.12,0.07,0.1,0.18
143,Scallop,0.14,0.4,0.09,0.08,0.02,0.17,0.03,0.26,0.07,0.04,0.0
144,Shellfish,0.0,0.4,0.09,0.08,0.02,0.01,0.03,0.26,0.07,0.04,0.0
145,Shrimp,0.24,0.4,0.17,0.2,0.22,0.36,0.09,0.34,0.11,0.12,0.0
146,Trassi,0.09,0.13,0.07,0.1,0.16,0.17,0.04,0.09,0.04,0.06,0.0
147,Squid,0.07,0.17,0.05,0.05,0.0,0.11,0.01,0.15,0.04,0.01,0.0
148,Bonito,0.17,0.1,0.18,0.14,0.2,0.11,0.03,0.19,0.06,0.04,0.08
149,Caviar,0.07,0.1,0.04,0.09,0.08,0.1,0.04,0.1,0.05,0.09,0.08
150,Codfish,0.01,0.07,0.04,0.09,0.08,0.1,0.04,0.1,0.05,0.09,0.08
151,Fish,0.15,0.4,0.06,0.16,0.1,0.19,0.08,0.2,0.06,0.15,0.0
152,Fatty Fish,0.11,0.23,0.1,0.08,0.16,0.16,0.03,0.15,0.07,0.04,0.01
153,Lean Fish,0.05,0.1,0.04,0.01,0.06,0.03,0.0,0.03,0.01,0.01,0.01
154,Fish Oil,0.07,0.1,0.01,0.04,0.08,0.2,0.04,0.08,0.03,0.01,0.01
155,Smoked Fish,0.05,0.1,0.06,0.05,0.08,0.01,0.01,0.04,0.0,0.01,0.0
156,Salmon,0.01,0.1,0.06,0.0,0.08,0.0,0.01,0.0,0.0,0.0,0.0
157,Artichoke,0.23,0.33,0.26,0.14,0.18,0.17,0.12,0.21,0.26,0.13,0.17
158,Champaca,0.01,0.33,0.01,0.14,0.0,0.17,0.02,0.21,0.04,0.03,0.17
159,Jasmine,0.05,0.0,0.03,0.05,0.04,0.17,0.03,0.0,0.16,0.1,0.17
160,Lavendar,0.11,0.17,0.1,0.2,0.16,0.06,0.08,0.09,0.11,0.13,0.16
161,Rose,0.05,0.03,0.04,0.03,0.0,0.0,0.02,0.07,0.08,0.06,0.04
162,Apple,0.69,0.9,0.77,0.55,0.98,0.49,1.0,0.67,0.65,0.5,0.34
163,Apple Sauce,0.69,0.9,0.77,0.55,0.98,0.49,1.0,0.67,0.65,0.5,0.34
164,Apricot,0.51,0.57,0.54,0.42,0.76,0.34,0.61,0.42,0.51,0.41,0.34
165,Avocado,0.31,0.47,0.33,0.2,0.29,0.24,0.16,0.27,0.32,0.19,0.28
166,Babaco,0.04,0.0,0.02,0.03,0.02,0.24,0.08,0.07,0.04,0.03,0.28
167,Banana,0.46,0.63,0.47,0.42,0.61,0.27,0.63,0.41,0.42,0.26,0.22
168,Beli,0.01,0.63,0.0,0.0,0.61,0.27,0.02,0.41,0.0,0.26,0.0
169,Byrsonima crassifolia,0.0,0.63,0.0,0.0,0.61,0.27,0.02,0.41,0.0,0.26,0.0
170,Cashew Apple,0.02,0.07,0.01,0.01,0.0,0.0,0.03,0.0,0.0,0.26,0.0
171,Cherimoya,0.37,0.53,0.39,0.34,0.35,0.2,0.39,0.27,0.41,0.29,0.27
172,Coconut,0.43,0.5,0.41,0.26,0.29,0.26,0.18,0.48,0.35,0.29,0.27
173,Currant,0.11,0.2,0.11,0.12,0.2,0.04,0.11,0.09,0.13,0.12,0.1
174,Black Currant,0.49,0.6,0.51,0.48,0.76,0.31,0.42,0.32,0.56,0.53,0.58
175,Red Currant,0.34,0.53,0.35,0.24,0.39,0.2,0.21,0.26,0.37,0.25,0.3
176,White Currant,0.11,0.2,0.11,0.12,0.2,0.04,0.11,0.09,0.13,0.12,0.1
177,Dates,0.23,0.3,0.26,0.13,0.18,0.17,0.12,0.18,0.25,0.12,0.17
178,Durian,0.31,0.27,0.37,0.25,0.27,0.53,0.24,0.25,0.31,0.19,0.17
179,Elderberry,0.34,0.43,0.34,0.25,0.37,0.27,0.23,0.26,0.4,0.26,0.36
180,Feijoa,0.24,0.27,0.27,0.16,0.18,0.17,0.16,0.2,0.28,0.13,0.22
181,Fig,0.4,0.37,0.42,0.38,0.55,0.2,0.34,0.34,0.49,0.38,0.3
182,Grape,0.61,0.7,0.57,0.53,0.73,0.39,0.58,0.47,0.66,0.49,0.29
183,Guava,0.65,0.67,0.69,0.56,0.65,0.43,0.54,0.58,0.6,0.62,0.43
184,Hogplum,0.24,0.2,0.27,0.16,0.18,0.2,0.16,0.22,0.28,0.15,0.19
185,Jackfruit,0.24,0.57,0.27,0.16,0.25,0.26,0.18,0.19,0.25,0.12,0.17
186,Kiwifruit,0.32,0.4,0.35,0.24,0.41,0.21,0.28,0.27,0.37,0.22,0.22
187,Litchi,0.28,0.3,0.3,0.22,0.35,0.17,0.16,0.2,0.32,0.22,0.25
188,Loquat,0.32,0.43,0.3,0.23,0.37,0.24,0.19,0.34,0.34,0.19,0.24
189,Malay Apple,0.02,0.0,0.01,0.01,0.04,0.24,0.02,0.01,0.01,0.19,0.0
190,Mango,0.59,0.6,0.61,0.5,0.71,0.43,0.55,0.53,0.49,0.44,0.36
191,Melon,0.49,0.37,0.47,0.41,0.57,0.4,0.55,0.48,0.52,0.26,0.24
192,Musk Melon,0.32,0.3,0.31,0.22,0.22,0.19,0.24,0.28,0.39,0.19,0.18
193,Naranjilla,0.25,0.2,0.3,0.16,0.24,0.2,0.24,0.21,0.29,0.13,0.19
194,Orange,0.56,0.57,0.49,0.61,0.75,0.4,0.41,0.45,0.74,1.0,0.45
195,Bitter Orange,0.07,0.13,0.01,0.06,0.1,0.04,0.04,0.09,0.14,0.12,0.45
196,Papaya,0.55,1.0,0.56,0.43,0.92,0.44,0.5,0.56,0.62,0.46,0.39
197,Mountain Papaya,0.14,1.0,0.13,0.13,0.1,0.01,0.23,0.13,0.15,0.06,0.02
198,Passionfruit,0.54,0.63,0.55,0.5,0.59,0.33,0.68,0.4,0.58,0.41,0.29
199,Yellow Passionfruit,0.09,0.0,0.09,0.09,0.08,0.06,0.13,0.09,0.05,0.0,0.0
200,Pawpaw,0.05,0.0,0.06,0.04,0.04,0.01,0.12,0.04,0.03,0.01,0.0
201,Peach,0.49,0.6,0.53,0.38,0.55,0.34,0.46,0.45,0.48,0.31,0.27
202,Pear,0.32,0.37,0.39,0.27,0.57,0.27,0.32,0.29,0.35,0.21,0.18
203,Bartlett Pear,0.1,0.07,0.14,0.15,0.41,0.09,0.24,0.14,0.08,0.09,0.0
204,Prickly Pear,0.29,0.3,0.3,0.2,0.37,0.2,0.18,0.27,0.34,0.18,0.19
205,Pepino,0.02,0.3,0.0,0.03,0.0,0.2,0.02,0.01,0.01,0.01,0.0
206,Pineapple,0.5,0.7,0.57,0.32,0.69,0.5,0.62,0.47,0.47,0.31,0.3
207,Plum,0.45,0.57,0.48,0.35,0.49,0.24,0.56,0.36,0.42,0.25,0.3
208,Plumcot,0.07,0.57,0.05,0.07,0.06,0.0,0.1,0.06,0.01,0.03,0.06
209,Pumpkin,0.25,0.37,0.26,0.15,0.18,0.27,0.12,0.2,0.27,0.13,0.17
210,Quince,0.33,0.33,0.35,0.3,0.37,0.2,0.33,0.23,0.32,0.19,0.17
211,Chinese Quince,0.11,0.27,0.1,0.12,0.14,0.11,0.18,0.12,0.12,0.01,0.0
212,Raisin,0.08,0.07,0.06,0.05,0.06,0.01,0.02,0.12,0.03,0.01,0.01
213,Roseapple,0.23,0.2,0.26,0.16,0.22,0.19,0.14,0.21,0.32,0.16,0.19
214,Sapodilla,0.24,0.27,0.27,0.16,0.24,0.2,0.13,0.19,0.27,0.13,0.23
215,Soursop,0.25,0.27,0.33,0.18,0.27,0.24,0.22,0.24,0.29,0.13,0.18
216,Spineless Monkey Orange,0.04,0.03,0.07,0.05,0.1,0.01,0.17,0.01,0.01,0.0,0.18
217,Starfruit,0.45,0.5,0.46,0.37,0.55,0.3,0.45,0.39,0.52,0.28,0.3
218,Tamarind,0.38,0.37,0.42,0.32,0.47,0.24,0.17,0.33,0.45,0.31,0.35
219,Woodapple,0.01,0.37,0.01,0.01,0.02,0.24,0.05,0.0,0.45,0.0,0.35
220,Berry,0.12,0.1,0.12,0.14,0.14,0.07,0.05,0.13,0.15,0.16,0.02
221,Bilberry,0.42,0.43,0.42,0.31,0.29,0.3,0.23,0.4,0.5,0.38,0.36
222,Blackberry,0.38,0.27,0.42,0.3,0.41,0.24,0.3,0.34,0.42,0.26,0.29
223,Blueberry,0.36,0.33,0.38,0.28,0.37,0.24,0.25,0.28,0.46,0.32,0.33
224,Cherry,0.25,0.27,0.28,0.15,0.24,0.19,0.14,0.2,0.28,0.12,0.17
225,Bitter Cherry,0.25,0.2,0.28,0.16,0.18,0.19,0.14,0.18,0.26,0.12,0.17
226,Sour Cherry,0.35,0.33,0.35,0.24,0.25,0.23,0.2,0.26,0.4,0.24,0.24
227,Wild Cherry,0.03,0.0,0.04,0.02,0.1,0.04,0.06,0.04,0.01,0.24,0.01
228,Cloudberry,0.27,0.27,0.3,0.16,0.24,0.19,0.14,0.2,0.28,0.13,0.17
229,Cranberry,0.44,0.5,0.47,0.33,0.49,0.3,0.28,0.38,0.44,0.29,0.45
230,Gooseberry,0.31,0.4,0.34,0.2,0.31,0.23,0.24,0.27,0.31,0.15,0.28
231,Lingonberry,0.28,0.33,0.28,0.22,0.33,0.2,0.12,0.23,0.31,0.15,0.19
232,Loganberry,0.25,0.3,0.29,0.18,0.2,0.21,0.17,0.23,0.32,0.19,0.18
233,Raspberry,0.45,0.67,0.47,0.39,0.49,0.46,0.31,0.38,0.51,0.28,0.33
234,Strawberry,0.6,0.77,0.68,0.49,0.67,0.51,0.8,0.57,0.51,0.43,0.25
235,Strawberry Jam,0.08,0.0,0.12,0.09,0.67,0.03,0.07,0.03,0.04,0.06,0.02
236,Bergamot,0.03,0.03,0.02,0.04,0.0,0.01,0.02,0.02,0.08,0.06,0.0
237,Citrus Fruits,0.11,0.03,0.1,0.17,0.22,0.0,0.12,0.11,0.2,0.25,0.06
238,Grapefruit,0.38,0.37,0.35,0.33,0.35,0.31,0.23,0.33,0.43,0.37,0.29
239,Kumquat,0.3,0.3,0.29,0.23,0.25,0.2,0.24,0.26,0.41,0.28,0.18
240,Lemon,0.46,0.53,0.38,0.5,0.49,0.24,0.22,0.36,0.61,0.94,0.46
241,Lime,0.37,0.37,0.34,0.47,0.45,0.21,0.15,0.32,0.46,0.62,0.45
242,Mandarin Orange,0.43,0.3,0.36,0.51,0.47,0.2,0.18,0.34,0.58,0.76,0.43
243,Satsuma Orange,0.01,0.3,0.0,0.01,0.47,0.2,0.0,0.34,0.01,0.0,0.0
244,Tangerine,0.04,0.3,0.04,0.05,0.18,0.01,0.06,0.04,0.01,0.16,0.05
245,Vanilla,0.45,0.47,0.57,0.33,0.45,0.3,0.37,0.31,0.43,0.22,0.37
246,Mushroom,0.58,0.7,0.54,0.49,0.75,0.61,0.35,0.64,0.54,0.38,0.28
247,Truffle,0.06,0.0,0.03,0.07,0.24,0.11,0.0,0.05,0.04,0.03,0.01
248,Angelica,0.28,0.23,0.27,0.21,0.25,0.24,0.14,0.19,0.29,0.18,0.22
249,Artemisia,0.28,0.37,0.28,0.22,0.33,0.21,0.15,0.2,0.3,0.25,0.39
250,Basil,0.45,0.33,0.52,0.63,0.47,0.23,0.19,0.28,0.59,0.62,0.7
251,Buckwheat,0.4,0.6,0.35,0.34,0.45,0.34,0.17,0.37,0.42,0.29,0.29
252,Calamus,0.11,0.07,0.09,0.13,0.08,0.0,0.02,0.11,0.05,0.15,0.28
253,Chervil,0.24,0.3,0.29,0.15,0.2,0.17,0.14,0.2,0.28,0.12,0.22
254,Coriander,0.48,0.37,0.49,0.49,0.53,0.2,0.18,0.45,0.59,0.71,0.54
255,Cornmint,0.34,0.43,0.35,0.38,0.39,0.27,0.19,0.22,0.39,0.37,0.75
256,Dill,0.43,0.33,0.46,0.5,0.53,0.24,0.18,0.29,0.46,0.56,0.7
257,Fennel,0.33,0.33,0.38,0.32,0.43,0.2,0.14,0.2,0.36,0.5,0.55
258,Fenugreek,0.3,0.27,0.29,0.18,0.24,0.19,0.12,0.29,0.29,0.13,0.18
259,Garlic,0.32,0.3,0.31,0.22,0.25,0.6,0.14,0.23,0.29,0.21,0.2
260,Lemon Balm,0.38,0.2,0.41,0.46,0.33,0.2,0.17,0.27,0.48,0.46,0.39
261,Liqourice,0.12,0.17,0.12,0.07,0.08,0.2,0.05,0.15,0.07,0.01,0.04
262,Mint,0.35,0.2,0.4,0.47,0.45,0.27,0.21,0.28,0.46,0.46,0.67
263,Rhubarb,0.26,0.3,0.28,0.14,0.18,0.2,0.12,0.2,0.28,0.12,0.18
264,Rosemary,0.44,0.37,0.48,0.64,0.57,0.27,0.18,0.25,0.38,0.63,0.77
265,Sage,0.33,0.2,0.34,0.46,0.41,0.17,0.18,0.2,0.32,0.44,0.47
266,Spearmint,0.5,0.43,0.53,0.74,0.61,0.4,0.36,0.38,0.57,0.63,1.0
267,Scotch Spearmint,0.08,0.43,0.08,0.09,0.08,0.1,0.07,0.07,0.12,0.03,0.2
268,Tarragon,0.32,0.2,0.41,0.34,0.41,0.17,0.17,0.2,0.41,0.38,0.53
269,Thyme,0.39,0.33,0.38,0.51,0.39,0.23,0.2,0.31,0.39,0.46,0.6
270,Beef,0.24,0.2,0.19,0.21,0.35,0.39,0.15,0.36,0.21,0.13,0.02
271,Beef Processed,0.55,0.3,0.45,0.43,0.49,1.0,0.24,0.8,0.33,0.32,0.12
272,Chicken,0.35,0.3,0.27,0.33,0.29,0.59,0.14,0.59,0.24,0.24,0.05
273,Frankfurter Sausage,0.0,0.3,0.27,0.33,0.29,0.59,0.14,0.59,0.24,0.24,0.05
274,Ham,0.01,0.3,0.27,0.01,0.29,0.59,0.0,0.01,0.01,0.0,0.05
275,Lamb,0.1,0.2,0.05,0.05,0.0,0.04,0.03,0.21,0.0,0.03,0.05
276,Meat,0.15,0.27,0.13,0.17,0.18,0.11,0.05,0.28,0.07,0.06,0.05
277,Mutton,0.12,0.4,0.06,0.07,0.08,0.13,0.02,0.28,0.05,0.06,0.05
278,Pork,0.44,0.3,0.36,0.29,0.37,0.61,0.15,0.69,0.22,0.18,0.05
279,Sukiyaki,0.03,0.07,0.03,0.03,0.04,0.04,0.01,0.04,0.03,0.0,0.05
280,Turkey,0.03,0.07,0.03,0.02,0.02,0.03,0.0,0.04,0.0,0.0,0.05
281,Almond,0.31,0.3,0.34,0.19,0.25,0.2,0.14,0.3,0.3,0.16,0.2
282,Brazil Nut,0.25,0.3,0.27,0.16,0.2,0.17,0.11,0.21,0.27,0.16,0.17
283,Cocoa,0.73,1.0,0.8,0.51,0.9,0.64,0.49,0.85,0.57,0.31,0.29
284,Beans,0.43,0.33,0.42,0.36,0.73,0.4,0.23,0.53,0.46,0.29,0.2
285,Lima Beans,0.43,0.33,0.42,0.36,0.73,0.4,0.23,0.53,0.46,0.29,0.2
286,Kidney Beans,0.25,0.13,0.21,0.25,0.57,0.24,0.11,0.42,0.23,0.19,0.02
287,Peanut,0.52,0.5,0.56,0.43,0.45,0.57,0.24,0.65,0.4,0.28,0.19
288,Peas,0.4,0.37,0.4,0.38,0.51,0.43,0.28,0.43,0.45,0.32,0.22
289,Soybean,0.54,0.6,0.62,0.53,0.78,0.44,0.32,0.72,0.43,0.38,0.27
290,Soybean Oil,0.01,0.6,0.01,0.01,0.78,0.01,0.01,0.01,0.43,0.01,0.27
291,Soybean Sauce,0.04,0.1,0.07,0.01,0.0,0.01,0.01,0.03,0.43,0.01,0.27
292,Filbert,0.3,0.03,0.34,0.28,0.43,0.2,0.12,0.55,0.09,0.13,0.06
293,Hazelnut,0.24,0.3,0.27,0.13,0.18,0.17,0.11,0.19,0.25,0.12,0.17
294,Macadamia Nut,0.27,0.27,0.29,0.18,0.22,0.26,0.12,0.27,0.28,0.15,0.19
295,Nuts,0.02,0.0,0.0,0.01,0.06,0.26,0.0,0.01,0.03,0.0,0.19
296,Pecans,0.37,0.53,0.41,0.32,0.37,0.31,0.16,0.39,0.32,0.24,0.2
297,Walnut,0.29,0.33,0.3,0.23,0.35,0.21,0.14,0.26,0.29,0.18,0.24
298,Muskmallow,0.29,0.33,0.3,0.23,0.35,0.21,0.14,0.26,0.29,0.18,0.24
299,Sesame,0.34,0.4,0.37,0.24,0.31,0.24,0.14,0.4,0.29,0.16,0.18
300,Allium,0.02,0.4,0.37,0.01,0.31,0.11,0.0,0.0,0.0,0.0,0.18
301,Alpinia,0.01,0.4,0.01,0.0,0.31,0.11,0.0,0.01,0.0,0.0,0.0
302,Ceriman,0.01,0.03,0.01,0.0,0.0,0.11,0.02,0.0,0.0,0.0,0.01
303,Chicory,0.25,0.33,0.29,0.13,0.2,0.2,0.11,0.2,0.27,0.12,0.18
304,Hops,0.04,0.2,0.01,0.04,0.02,0.06,0.06,0.03,0.02,0.0,0.18
305,Laurel,0.44,0.57,0.47,0.54,0.53,0.3,0.26,0.25,0.42,0.54,0.63
306,Myrtle,0.08,0.57,0.09,0.11,0.06,0.3,0.07,0.01,0.11,0.15,0.13
307,Olive,0.36,0.33,0.41,0.28,0.45,0.3,0.38,0.3,0.41,0.24,0.23
308,Pine,0.28,0.33,0.33,0.2,0.25,0.2,0.13,0.2,0.26,0.24,0.3
309,Sassafras,0.01,0.33,0.03,0.02,0.0,0.01,0.01,0.0,0.05,0.01,0.02
310,Tea,1.0,0.97,1.0,1.0,1.0,0.67,0.59,1.0,1.0,0.81,0.69
311,Fermented Tea,0.03,0.97,0.03,0.02,0.0,0.01,0.59,0.01,0.0,0.81,0.0
312,Tobacco,0.15,0.4,0.12,0.16,0.04,0.07,0.05,0.18,0.19,0.01,0.06
313,Watercress,0.24,0.33,0.26,0.15,0.2,0.23,0.11,0.21,0.28,0.13,0.18
314,Creosote,0.02,0.0,0.03,0.01,0.0,0.0,0.0,0.0,0.01,0.13,0.0
315,Honey,0.15,0.33,0.18,0.11,0.37,0.09,0.26,0.09,0.18,0.06,0.04
316,Macaroni,0.0,0.33,0.18,0.11,0.37,0.09,0.26,0.09,0.18,0.06,0.04
317,Mustard Oil,0.0,0.33,0.18,0.11,0.37,0.03,0.26,0.09,0.18,0.06,0.04
318,Peanut Butter,0.02,0.0,0.01,0.02,0.0,0.01,0.0,0.05,0.0,0.0,0.0
319,Peanut Oil,0.06,0.07,0.03,0.03,0.08,0.01,0.03,0.16,0.03,0.06,0.0
320,Rye,0.23,0.3,0.26,0.13,0.18,0.19,0.11,0.18,0.25,0.12,0.17
321,Storax,0.23,0.3,0.26,0.13,0.18,0.19,0.11,0.18,0.25,0.12,0.17
322,Vinegar,0.1,0.37,0.14,0.06,0.31,0.17,0.09,0.07,0.08,0.12,0.17
323,Anise,0.34,0.23,0.41,0.33,0.45,0.23,0.14,0.19,0.41,0.34,0.47
324,Anise Hyssop,0.02,0.23,0.01,0.05,0.04,0.23,0.01,0.01,0.0,0.34,0.02
325,Star Anise,0.33,0.2,0.41,0.37,0.43,0.19,0.14,0.19,0.41,0.49,0.57
326,Caraway,0.04,0.2,0.02,0.06,0.04,0.19,0.0,0.04,0.0,0.09,0.14
327,Cardamom,0.41,0.37,0.36,0.42,0.51,0.23,0.18,0.36,0.57,0.63,0.48
328,Cassia,0.38,0.4,0.4,0.33,0.43,0.24,0.14,0.26,0.38,0.34,0.39
329,Celery,0.48,0.6,0.51,0.54,0.57,0.36,0.25,0.38,0.51,0.66,0.64
330,Cinnamon,0.43,0.3,0.5,0.5,0.47,0.21,0.18,0.27,0.52,0.47,0.59
331,Clove,0.39,0.27,0.43,0.49,0.45,0.27,0.22,0.31,0.39,0.32,0.4
332,Cumin,0.33,0.2,0.38,0.38,0.47,0.23,0.15,0.23,0.32,0.38,0.52
333,Ginger,0.56,0.33,0.52,0.81,0.73,0.29,0.23,0.44,0.65,0.87,0.7
334,Mace,0.06,0.0,0.08,0.08,0.1,0.0,0.02,0.02,0.08,0.15,0.1
335,Marjoram,0.39,0.37,0.42,0.5,0.49,0.2,0.18,0.29,0.38,0.53,0.64
336,Nutmeg,0.39,0.37,0.42,0.45,0.43,0.26,0.17,0.25,0.42,0.54,0.57
337,Oregano,0.4,0.3,0.41,0.63,0.47,0.19,0.19,0.28,0.42,0.6,0.55
338,Parsley,0.36,0.33,0.37,0.44,0.51,0.27,0.16,0.24,0.36,0.49,0.41
339,Pepper,0.46,0.47,0.53,0.65,0.57,0.24,0.26,0.25,0.57,0.71,0.75
340,Saffron,0.3,0.2,0.31,0.28,0.37,0.19,0.13,0.25,0.33,0.38,0.31
341,Turmeric,0.29,0.2,0.3,0.31,0.35,0.21,0.13,0.21,0.31,0.4,0.35
342,Green Beans,0.45,0.37,0.43,0.36,0.73,0.43,0.23,0.54,0.46,0.29,0.2
343,Chive,0.29,0.3,0.27,0.21,0.24,0.51,0.13,0.23,0.28,0.15,0.18
344,Endive,0.29,0.33,0.29,0.18,0.35,0.2,0.16,0.26,0.3,0.15,0.18
345,Leek,0.31,0.4,0.3,0.25,0.31,0.46,0.17,0.28,0.31,0.18,0.17
346,Lettuce,0.32,0.4,0.35,0.22,0.31,0.21,0.24,0.26,0.34,0.18,0.22
347,Okra,0.29,0.3,0.34,0.19,0.27,0.26,0.15,0.28,0.28,0.13,0.25
348,Onion,0.39,0.37,0.36,0.29,0.49,0.91,0.18,0.34,0.29,0.16,0.19
349,Shallot,0.25,0.27,0.25,0.18,0.18,0.33,0.13,0.22,0.27,0.15,0.17
350,Peppermint,0.49,0.5,0.54,0.58,0.51,0.34,0.29,0.39,0.56,0.54,0.83
351,Broccoli,0.3,0.3,0.28,0.19,0.22,0.31,0.14,0.23,0.29,0.16,0.17
352,Brussels Sprout,0.26,0.3,0.25,0.16,0.22,0.34,0.11,0.2,0.27,0.13,0.17
353,Cabbage,0.4,0.43,0.35,0.3,0.43,0.61,0.2,0.34,0.34,0.25,0.3
354,Cauliflower,0.3,0.33,0.29,0.19,0.24,0.34,0.15,0.27,0.3,0.18,0.17
355,Horseradish,0.25,0.3,0.26,0.17,0.2,0.39,0.11,0.2,0.26,0.18,0.18
356,Mustard,0.33,0.33,0.35,0.23,0.33,0.34,0.15,0.31,0.33,0.21,0.28
357,Radish,0.27,0.37,0.26,0.17,0.24,0.27,0.13,0.23,0.27,0.13,0.17
358,Turnip,0.23,0.3,0.26,0.13,0.18,0.23,0.11,0.18,0.26,0.12,0.17
359,Kohlrabi,0.34,0.4,0.38,0.25,0.27,0.41,0.15,0.36,0.31,0.21,0.19
360,Rutabaga,0.26,0.33,0.27,0.16,0.25,0.27,0.11,0.22,0.28,0.15,0.17
361,Wasabi,0.22,0.2,0.24,0.14,0.18,0.26,0.11,0.18,0.25,0.12,0.17
362,Capsicum,0.5,0.67,0.51,0.43,0.75,0.4,0.25,0.41,0.45,0.43,0.43
363,Cherry Pepper,0.05,0.67,0.07,0.04,0.0,0.0,0.05,0.03,0.04,0.03,0.08
364,Tomato,0.66,0.5,0.66,0.61,0.75,0.63,0.44,0.66,0.67,0.49,0.34
365,Chayote,0.22,0.3,0.26,0.13,0.18,0.19,0.11,0.18,0.25,0.12,0.17
366,Cucumber,0.32,0.33,0.28,0.19,0.22,0.21,0.13,0.31,0.35,0.19,0.17
367,Beetroot,0.26,0.4,0.26,0.14,0.18,0.23,0.11,0.21,0.25,0.12,0.17
368,Carrot,0.44,0.33,0.43,0.49,0.49,0.31,0.2,0.36,0.51,0.59,0.37
369,Parsnip,0.29,0.33,0.29,0.26,0.35,0.21,0.14,0.21,0.3,0.34,0.23
370,Sweet Potato,0.25,0.3,0.27,0.14,0.2,0.19,0.12,0.21,0.29,0.15,0.17
371,Asparagus,0.43,0.43,0.45,0.35,0.43,0.39,0.19,0.47,0.34,0.19,0.18
372,Cassava,0.23,0.37,0.25,0.14,0.18,0.19,0.11,0.2,0.25,0.15,0.17
373,Potato,0.62,0.67,0.58,0.53,0.47,0.69,0.33,0.82,0.49,0.47,0.27
374,Fried Potato,0.19,0.13,0.18,0.18,0.22,0.26,0.1,0.34,0.08,0.12,0.0
375,Allspice,0.35,0.23,0.39,0.44,0.45,0.2,0.19,0.25,0.37,0.46,0.42
376,Asafoetida,0.04,0.23,0.05,0.14,0.08,0.2,0.0,0.0,0.03,0.13,0.08
377,Ashgourd,0.21,0.2,0.25,0.13,0.18,0.17,0.12,0.18,0.25,0.12,0.17
378,Bittergourd,0.26,0.2,0.32,0.22,0.25,0.17,0.12,0.19,0.31,0.31,0.39
379,Bottlegourd,0.25,0.2,0.28,0.15,0.18,0.17,0.12,0.26,0.32,0.19,0.17
380,Canola Oil,0.36,0.3,0.34,0.3,0.27,0.37,0.25,0.32,0.42,0.29,0.35
381,Carom Seed,0.34,0.2,0.39,0.36,0.43,0.21,0.14,0.24,0.39,0.49,0.6
382,Chard,0.23,0.3,0.26,0.13,0.18,0.19,0.11,0.18,0.25,0.12,0.17
383,Apple Cider Vinegar,0.02,0.03,0.03,0.0,0.04,0.01,0.02,0.01,0.01,0.12,0.0
384,Colocasia,0.13,0.1,0.15,0.12,0.2,0.1,0.08,0.15,0.23,0.13,0.07
385,Curry Leaf,0.04,0.1,0.03,0.09,0.08,0.0,0.01,0.01,0.03,0.22,0.11
386,Drumstick Leaf,0.16,0.43,0.14,0.11,0.06,0.1,0.11,0.27,0.19,0.1,0.02
387,Eggplant,0.26,0.3,0.27,0.15,0.24,0.24,0.11,0.18,0.28,0.15,0.17
388,Flaxseed,0.29,0.43,0.33,0.19,0.22,0.26,0.18,0.24,0.32,0.19,0.17
389,Jalapeno,0.01,0.43,0.33,0.0,0.22,0.26,0.18,0.24,0.32,0.19,0.17
390,Kenaf,0.13,0.03,0.13,0.11,0.08,0.0,0.05,0.16,0.19,0.16,0.02
391,Lotus,0.33,0.3,0.32,0.24,0.2,0.2,0.16,0.29,0.4,0.24,0.25
392,Nigella Seed,0.06,0.3,0.07,0.1,0.2,0.2,0.01,0.01,0.02,0.15,0.2
393,Kewda,0.03,0.3,0.04,0.03,0.0,0.2,0.03,0.02,0.1,0.06,0.2
394,Pomegranate,0.28,0.33,0.29,0.21,0.35,0.17,0.13,0.23,0.31,0.29,0.23
395,Poppy Seed,0.3,0.4,0.35,0.22,0.33,0.23,0.16,0.26,0.26,0.25,0.23
396,Spinach,0.34,0.4,0.3,0.26,0.27,0.29,0.17,0.34,0.41,0.22,0.2
397,Turkey Berry,0.1,0.03,0.06,0.12,0.27,0.0,0.06,0.12,0.13,0.26,0.06
398,Water Chestnut,0.22,0.2,0.26,0.13,0.18,0.17,0.11,0.22,0.27,0.12,0.17
399,White Pepper,0.05,0.27,0.04,0.04,0.04,0.06,0.02,0.02,0.02,0.04,0.05
400,Garcinia Indica,0.0,0.27,0.04,0.04,0.04,0.06,0.02,0.01,0.02,0.04,0.05
401,Cluster Bean,0.02,0.27,0.01,0.02,0.04,0.06,0.0,0.01,0.0,0.0,0.05
402,Paneer,0.06,0.17,0.06,0.06,0.16,0.14,0.03,0.12,0.01,0.03,0.0
403,Pigeon Pea,0.21,0.2,0.24,0.13,0.18,0.17,0.11,0.18,0.25,0.12,0.17
404,Basmati Rice,0.09,0.07,0.07,0.11,0.08,0.03,0.03,0.15,0.04,0.12,0.05
405,Ricotta Cheese,0.11,0.07,0.1,0.15,0.27,0.07,0.08,0.08,0.05,0.18,0.08
408,Silver linden,0.22,0.2,0.26,0.13,0.18,0.17,0.11,0.18,0.25,0.12,0.17
409,redskin onion,0.22,0.3,0.24,0.16,0.18,0.23,0.11,0.19,0.26,0.13,0.17
410,Lemon verbena,0.21,0.2,0.24,0.13,0.18,0.17,0.11,0.18,0.25,0.12,0.17
411,Cashew nut,0.23,0.33,0.27,0.14,0.18,0.17,0.12,0.19,0.25,0.19,0.18
412,Burdock,0.24,0.4,0.28,0.17,0.18,0.21,0.12,0.2,0.27,0.12,0.17
413,Borage,0.21,0.2,0.24,0.13,0.18,0.17,0.11,0.18,0.25,0.12,0.17
414,Capers,0.22,0.2,0.25,0.13,0.18,0.17,0.11,0.18,0.25,0.12,0.17
415,Safflower,0.32,0.47,0.31,0.29,0.37,0.29,0.19,0.27,0.31,0.29,0.24
416,Chestnut,0.22,0.3,0.24,0.13,0.18,0.17,0.11,0.18,0.25,0.12,0.17
417,Chickpea,0.22,0.3,0.24,0.13,0.18,0.17,0.11,0.18,0.25,0.12,0.17
418,Pummelo,0.26,0.2,0.27,0.23,0.31,0.17,0.12,0.18,0.29,0.29,0.2
419,Arabica coffee,0.03,0.0,0.03,0.03,0.12,0.17,0.12,0.01,0.01,0.29,0.2
421,Japanese persimmon,0.22,0.2,0.24,0.13,0.18,0.17,0.11,0.18,0.25,0.12,0.17
422,Black crowberry,0.21,0.2,0.24,0.13,0.18,0.17,0.11,0.18,0.25,0.12,0.17
423,Rocket salad,0.31,0.23,0.32,0.25,0.22,0.29,0.13,0.31,0.35,0.28,0.25
424,Tartary buckwheat,0.21,0.2,0.24,0.13,0.18,0.17,0.11,0.18,0.25,0.12,0.17
425,Black huckleberry,0.21,0.2,0.24,0.13,0.18,0.17,0.11,0.18,0.25,0.12,0.17
426,Sunflower,0.31,0.3,0.32,0.29,0.41,0.17,0.15,0.2,0.29,0.31,0.42
427,Swamp cabbage,0.21,0.2,0.24,0.13,0.18,0.17,0.11,0.18,0.25,0.12,0.17
428,Grass pea,0.21,0.2,0.24,0.13,0.18,0.17,0.11,0.18,0.25,0.12,0.17
429,Lentils,0.22,0.3,0.24,0.13,0.18,0.17,0.11,0.18,0.25,0.12,0.17
430,Garden cress,0.23,0.3,0.25,0.13,0.2,0.2,0.11,0.18,0.25,0.12,0.17
431,Mexican oregano,0.22,0.2,0.24,0.13,0.2,0.17,0.11,0.18,0.25,0.12,0.19
432,Lupine,0.21,0.2,0.24,0.13,0.18,0.17,0.11,0.18,0.25,0.12,0.17
433,Medlar,0.22,0.2,0.24,0.13,0.18,0.17,0.11,0.18,0.25,0.12,0.17
434,Mulberry,0.22,0.2,0.24,0.13,0.2,0.17,0.11,0.18,0.25,0.12,0.17
435,Black mulberry,0.22,0.2,0.24,0.13,0.18,0.17,0.11,0.18,0.26,0.12,0.17
436,Evening primrose,0.21,0.2,0.24,0.13,0.18,0.17,0.11,0.18,0.25,0.12,0.17
437,Millet,0.22,0.3,0.24,0.13,0.18,0.17,0.11,0.18,0.25,0.12,0.17
438,Scarlet bean,0.21,0.2,0.24,0.13,0.18,0.17,0.11,0.18,0.25,0.12,0.17
439,Pistachio,0.22,0.3,0.24,0.13,0.18,0.17,0.11,0.18,0.25,0.12,0.17
440,Purslane,0.21,0.2,0.24,0.13,0.18,0.17,0.11,0.18,0.25,0.12,0.17
441,Red raspberry,0.29,0.4,0.3,0.17,0.24,0.24,0.14,0.18,0.29,0.13,0.17
442,Black raspberry,0.21,0.2,0.24,0.13,0.18,0.17,0.11,0.18,0.25,0.12,0.17
443,Sorrel,0.22,0.3,0.24,0.13,0.18,0.17,0.11,0.18,0.25,0.12,0.17
444,Summer savory,0.28,0.2,0.29,0.28,0.41,0.17,0.12,0.19,0.28,0.34,0.41
445,Winter savory,0.32,0.2,0.33,0.38,0.43,0.17,0.13,0.24,0.36,0.46,0.43
446,Cherry tomato,0.21,0.2,0.24,0.13,0.18,0.17,0.11,0.18,0.25,0.12,0.17
447,Rowanberry,0.21,0.2,0.24,0.13,0.18,0.17,0.11,0.18,0.25,0.12,0.17
448,Sorghum,0.21,0.27,0.24,0.13,0.18,0.17,0.11,0.18,0.25,0.12,0.17
449,Dandelion,0.23,0.3,0.26,0.13,0.18,0.17,0.11,0.18,0.25,0.12,0.17
450,Linden,0.25,0.2,0.27,0.17,0.2,0.17,0.12,0.18,0.34,0.26,0.23
451,Small leaf linden,0.21,0.2,0.24,0.13,0.18,0.17,0.11,0.18,0.26,0.12,0.18
452,Wheat,0.26,0.3,0.27,0.16,0.22,0.19,0.11,0.22,0.34,0.19,0.17
453,Sparkleberry,0.21,0.2,0.24,0.13,0.18,0.17,0.11,0.18,0.25,0.12,0.17
454,Common verbena,0.21,0.2,0.24,0.13,0.18,0.17,0.11,0.18,0.25,0.12,0.17
455,Adzuki bean,0.22,0.3,0.24,0.13,0.18,0.17,0.11,0.18,0.25,0.12,0.17
456,Gram bean,0.21,0.2,0.24,0.13,0.18,0.17,0.11,0.18,0.25,0.12,0.17
457,Mung bean,0.22,0.3,0.25,0.13,0.18,0.17,0.11,0.18,0.25,0.12,0.17
458,Climbing bean,0.21,0.2,0.24,0.13,0.18,0.17,0.11,0.18,0.25,0.12,0.17
459,Muscadine grape,0.21,0.2,0.24,0.13,0.18,0.17,0.11,0.18,0.25,0.12,0.17
460,Bayberry,0.21,0.2,0.24,0.13,0.18,0.17,0.11,0.18,0.25,0.12,0.17
461,Elliott's blueberry,0.21,0.2,0.24,0.13,0.18,0.17,0.11,0.18,0.25,0.12,0.17
462,Canada blueberry,0.21,0.2,0.24,0.13,0.18,0.17,0.11,0.18,0.25,0.12,0.17
463,Buffalo currant,0.21,0.2,0.24,0.13,0.18,0.17,0.11,0.18,0.25,0.12,0.17
464,Deerberry,0.21,0.2,0.24,0.13,0.18,0.17,0.11,0.18,0.25,0.12,0.17
465,Ginseng,0.21,0.2,0.24,0.13,0.18,0.17,0.11,0.18,0.25,0.12,0.17
466,Longan,0.21,0.2,0.24,0.13,0.18,0.17,0.11,0.18,0.25,0.12,0.17
467,Pepper C. baccatum,0.21,0.2,0.24,0.13,0.18,0.17,0.11,0.18,0.25,0.12,0.17
468,Pepper C. chinense,0.21,0.2,0.24,0.13,0.18,0.17,0.11,0.18,0.25,0.12,0.17
469,Rambutan,0.21,0.2,0.24,0.13,0.18,0.17,0.11,0.18,0.25,0.12,0.17
470,Red rice,0.21,0.2,0.24,0.13,0.18,0.17,0.11,0.18,0.25,0.12,0.17
471,Annual wild rice,0.21,0.2,0.24,0.13,0.18,0.17,0.11,0.18,0.25,0.12,0.17
472,Welsh onion,0.21,0.2,0.24,0.13,0.18,0.17,0.11,0.18,0.25,0.12,0.17
473,Hard wheat,0.22,0.2,0.26,0.13,0.18,0.17,0.11,0.18,0.25,0.12,0.17
474,Triticale,0.21,0.2,0.24,0.13,0.18,0.17,0.11,0.18,0.25,0.12,0.17
475,Komatsuna,0.21,0.2,0.24,0.13,0.18,0.17,0.11,0.18,0.25,0.12,0.17
476,Pak choy,0.22,0.3,0.24,0.13,0.18,0.17,0.11,0.18,0.25,0.12,0.17
477,Jostaberry,0.21,0.2,0.24,0.13,0.18,0.17,0.11,0.18,0.25,0.12,0.17
478,Kai lan,0.21,0.2,0.24,0.13,0.18,0.17,0.11,0.18,0.25,0.12,0.17
480,Pineappple sage,0.21,0.2,0.24,0.13,0.18,0.17,0.11,0.18,0.25,0.12,0.17
481,Skunk currant,0.21,0.2,0.24,0.13,0.18,0.17,0.11,0.18,0.25,0.12,0.17
482,Breakfast cereal,0.22,0.3,0.24,0.13,0.18,0.17,0.11,0.18,0.25,0.12,0.17
484,Pasta,0.22,0.3,0.24,0.13,0.18,0.17,0.11,0.18,0.25,0.12,0.17
485,Biscuit,0.22,0.3,0.24,0.13,0.18,0.17,0.11,0.18,0.25,0.12,0.17
486,Sourdough,0.21,0.2,0.24,0.13,0.18,0.17,0.11,0.18,0.25,0.12,0.17
487,Spirit,0.02,0.07,0.03,0.0,0.18,0.17,0.11,0.18,0.25,0.12,0.17
488,Beverage alcolohic other,0.0,0.07,0.03,0.0,0.18,0.17,0.11,0.18,0.25,0.12,0.17
489,Abalone,0.21,0.2,0.24,0.13,0.18,0.17,0.11,0.18,0.25,0.12,0.17
490,Abiyuch,0.21,0.2,0.24,0.13,0.18,0.17,0.11,0.18,0.25,0.12,0.17
491,Acerola,0.21,0.2,0.24,0.13,0.18,0.17,0.11,0.18,0.25,0.12,0.17
492,Acorn,0.21,0.2,0.24,0.13,0.18,0.17,0.11,0.18,0.25,0.12,0.17
493,Winter squash,0.21,0.2,0.24,0.13,0.18,0.17,0.11,0.18,0.25,0.12,0.17
494,Agar,0.21,0.2,0.24,0.13,0.18,0.17,0.11,0.18,0.25,0.12,0.17
495,Red king crab,0.0,0.2,0.24,0.13,0.18,0.17,0.11,0.18,0.25,0.12,0.17
496,Alfalfa,0.22,0.3,0.24,0.13,0.18,0.17,0.11,0.18,0.25,0.12,0.17
497,Amaranth,0.21,0.27,0.24,0.13,0.18,0.17,0.11,0.18,0.25,0.12,0.17
498,Arrowhead,0.21,0.2,0.24,0.13,0.18,0.17,0.11,0.18,0.25,0.12,0.17
499,Arrowroot,0.22,0.2,0.26,0.13,0.18,0.17,0.11,0.18,0.25,0.12,0.17
500,Atlantic herring,0.21,0.2,0.24,0.13,0.18,0.17,0.11,0.18,0.25,0.12,0.17
501,Atlantic mackerel,0.0,0.2,0.24,0.13,0.18,0.17,0.11,0.18,0.25,0.12,0.17
502,Painted comber,0.0,0.03,0.24,0.13,0.18,0.17,0.11,0.18,0.25,0.12,0.17
503,Atlantic pollock,0.0,0.03,0.24,0.13,0.18,0.17,0.11,0.18,0.25,0.12,0.17
504,Atlantic wolffish,0.01,0.07,0.24,0.13,0.18,0.17,0.11,0.18,0.25,0.12,0.17
505,Bamboo shoots,0.22,0.3,0.24,0.13,0.18,0.17,0.11,0.18,0.25,0.12,0.17
506,Striped bass,0.0,0.3,0.24,0.13,0.18,0.17,0.11,0.18,0.25,0.12,0.17
507,Beaver,0.0,0.3,0.24,0.13,0.18,0.17,0.11,0.18,0.25,0.12,0.17
508,Beech nut,0.21,0.2,0.24,0.13,0.18,0.17,0.11,0.18,0.25,0.12,0.17
509,Beluga whale,0.01,0.03,0.24,0.13,0.18,0.17,0.11,0.18,0.25,0.12,0.17
510,Bison,0.01,0.03,0.24,0.13,0.18,0.17,0.11,0.18,0.25,0.12,0.17
511,Black bear,0.0,0.03,0.24,0.13,0.18,0.17,0.11,0.18,0.25,0.12,0.17
512,Alaska blackfish,0.0,0.03,0.24,0.13,0.18,0.17,0.11,0.18,0.25,0.12,0.17
513,Northern bluefin tuna,0.0,0.03,0.24,0.13,0.18,0.17,0.11,0.18,0.25,0.12,0.17
514,Bluefish,0.0,0.03,0.24,0.13,0.18,0.17,0.11,0.18,0.25,0.12,0.17
515,Wild boar,0.0,0.03,0.24,0.13,0.18,0.17,0.11,0.18,0.25,0.12,0.17
516,Bowhead whale,0.0,0.03,0.24,0.13,0.18,0.17,0.11,0.18,0.25,0.12,0.17
517,Breadfruit,0.21,0.2,0.24,0.13,0.18,0.17,0.11,0.18,0.25,0.12,0.17
518,Breadnut tree seed,0.21,0.2,0.24,0.13,0.18,0.17,0.11,0.18,0.25,0.12,0.17
519,Rapini,0.21,0.27,0.24,0.13,0.18,0.17,0.11,0.18,0.25,0.12,0.17
520,Brown bear,0.0,0.27,0.24,0.13,0.18,0.17,0.11,0.18,0.25,0.12,0.17
521,Buffalo,0.0,0.03,0.24,0.13,0.18,0.17,0.11,0.18,0.25,0.12,0.17
522,Burbot,0.22,0.3,0.24,0.13,0.18,0.17,0.11,0.18,0.25,0.12,0.17
523,Giant butterbur,0.21,0.2,0.24,0.13,0.18,0.17,0.11,0.18,0.25,0.12,0.17
524,American butterfish,0.21,0.2,0.24,0.13,0.18,0.17,0.11,0.18,0.25,0.12,0.17
525,Butternut,0.21,0.2,0.24,0.13,0.18,0.17,0.11,0.18,0.25,0.12,0.17
526,Butternut squash,0.21,0.2,0.24,0.13,0.18,0.17,0.11,0.18,0.25,0.12,0.17
527,Cardoon,0.21,0.2,0.24,0.13,0.18,0.17,0.11,0.18,0.25,0.12,0.17
528,Caribou,0.01,0.03,0.24,0.13,0.18,0.17,0.11,0.18,0.25,0.12,0.17
529,Natal plum,0.21,0.2,0.24,0.13,0.18,0.17,0.11,0.18,0.25,0.12,0.17
530,Carob,0.22,0.23,0.24,0.13,0.18,0.17,0.11,0.18,0.25,0.12,0.17
531,Common carp,0.0,0.23,0.24,0.13,0.18,0.17,0.11,0.18,0.25,0.12,0.17
532,Channel catfish,0.0,0.03,0.24,0.13,0.18,0.17,0.11,0.18,0.25,0.12,0.17
533,Chia,0.21,0.27,0.24,0.13,0.18,0.17,0.11,0.18,0.25,0.12,0.17
534,Chinese chestnut,0.21,0.2,0.24,0.13,0.18,0.17,0.11,0.18,0.25,0.12,0.17
535,Garland chrysanthemum,0.21,0.2,0.24,0.13,0.18,0.17,0.11,0.18,0.25,0.12,0.17
536,Cisco,0.0,0.2,0.24,0.13,0.18,0.17,0.11,0.18,0.25,0.12,0.17
537,Nuttall cockle,0.0,0.2,0.24,0.13,0.18,0.17,0.11,0.18,0.25,0.12,0.17
538,Common octopus,0.01,0.07,0.24,0.13,0.18,0.17,0.11,0.18,0.25,0.12,0.17
539,Corn salad,0.21,0.2,0.24,0.13,0.18,0.17,0.11,0.18,0.25,0.12,0.17
540,Cottonseed,0.25,0.3,0.27,0.21,0.22,0.17,0.11,0.18,0.25,0.16,0.23
541,Catjang pea,0.21,0.2,0.24,0.13,0.18,0.17,0.11,0.18,0.25,0.12,0.17
542,Squashberry,0.21,0.2,0.24,0.13,0.18,0.17,0.11,0.18,0.25,0.12,0.17
543,Atlantic croaker,0.0,0.2,0.24,0.13,0.18,0.17,0.11,0.18,0.25,0.12,0.17
544,Cusk,0.0,0.2,0.24,0.13,0.18,0.17,0.11,0.18,0.25,0.12,0.17
545,Cuttlefish,0.0,0.2,0.24,0.13,0.18,0.17,0.11,0.18,0.25,0.12,0.17
546,Mule deer,0.0,0.2,0.24,0.13,0.18,0.17,0.11,0.18,0.25,0.12,0.17
547,Devilfish,0.21,0.2,0.24,0.13,0.18,0.17,0.11,0.18,0.25,0.12,0.17
548,Dock,0.21,0.2,0.24,0.13,0.18,0.17,0.11,0.18,0.25,0.12,0.17
549,Dolphin fish,0.0,0.2,0.24,0.13,0.18,0.17,0.11,0.18,0.25,0.12,0.17
550,Freshwater drum,0.0,0.2,0.24,0.13,0.18,0.17,0.11,0.18,0.25,0.12,0.17
551,Mallard duck,0.0,0.2,0.24,0.13,0.18,0.17,0.11,0.18,0.25,0.12,0.17
552,Freshwater eel,0.0,0.2,0.24,0.13,0.18,0.17,0.11,0.18,0.25,0.12,0.17
553,Elk,0.0,0.03,0.24,0.13,0.18,0.17,0.11,0.18,0.25,0.12,0.17
554,Emu,0.0,0.03,0.24,0.13,0.18,0.17,0.11,0.18,0.25,0.12,0.17
555,Oregon yampah,0.21,0.2,0.24,0.13,0.18,0.17,0.11,0.18,0.25,0.12,0.17
556,European anchovy,0.0,0.2,0.24,0.13,0.18,0.17,0.11,0.18,0.25,0.12,0.17
557,European chestnut,0.21,0.2,0.24,0.13,0.18,0.17,0.11,0.18,0.25,0.12,0.17
558,Turbot,0.01,0.07,0.24,0.13,0.18,0.17,0.11,0.18,0.25,0.12,0.17
559,Fireweed,0.21,0.2,0.24,0.13,0.18,0.17,0.11,0.18,0.25,0.12,0.17
560,Florida pompano,0.0,0.2,0.24,0.13,0.18,0.17,0.11,0.18,0.25,0.12,0.17
561,Ginkgo nuts,0.25,0.3,0.28,0.17,0.24,0.2,0.14,0.19,0.32,0.15,0.18
562,Greylag goose,0.01,0.07,0.28,0.17,0.24,0.2,0.14,0.19,0.32,0.15,0.18
563,Greenland halibut,0.01,0.07,0.28,0.17,0.24,0.2,0.14,0.19,0.32,0.15,0.18
564,Groundcherry,0.22,0.3,0.24,0.13,0.18,0.17,0.11,0.18,0.25,0.12,0.17
565,Grouper,0.0,0.3,0.24,0.13,0.18,0.17,0.11,0.18,0.25,0.12,0.17
566,Haddock,0.01,0.07,0.24,0.13,0.18,0.17,0.11,0.18,0.25,0.12,0.17
567,Hippoglossus,0.0,0.03,0.24,0.13,0.18,0.17,0.11,0.18,0.25,0.12,0.17
568,Horse,0.01,0.07,0.24,0.13,0.18,0.17,0.11,0.18,0.25,0.12,0.17
569,Hyacinth bean,0.21,0.2,0.24,0.13,0.18,0.17,0.11,0.18,0.25,0.12,0.17
570,Irish moss,0.21,0.2,0.24,0.13,0.18,0.17,0.11,0.18,0.25,0.12,0.17
571,Pacific jack mackerel,0.0,0.2,0.24,0.13,0.18,0.17,0.11,0.18,0.25,0.12,0.17
572,Japanese chestnut,0.21,0.2,0.24,0.13,0.18,0.17,0.11,0.18,0.25,0.12,0.17
573,Jerusalem artichoke,0.22,0.3,0.24,0.13,0.18,0.17,0.11,0.18,0.25,0.12,0.17
574,Jujube,0.21,0.2,0.24,0.13,0.18,0.17,0.11,0.18,0.25,0.12,0.17
575,Jute,0.21,0.2,0.24,0.13,0.18,0.17,0.11,0.18,0.25,0.12,0.17
576,Kale,0.22,0.3,0.24,0.13,0.18,0.17,0.11,0.18,0.25,0.12,0.17
577,King mackerel,0.0,0.3,0.24,0.13,0.18,0.17,0.11,0.18,0.25,0.12,0.17
578,Lambsquarters,0.22,0.2,0.26,0.13,0.18,0.17,0.11,0.18,0.25,0.12,0.17
579,Leather chiton,0.0,0.2,0.26,0.13,0.18,0.17,0.11,0.18,0.25,0.12,0.17
580,Common ling,0.01,0.07,0.26,0.13,0.18,0.17,0.11,0.18,0.25,0.12,0.17
581,Lingcod,0.0,0.07,0.26,0.13,0.18,0.17,0.11,0.18,0.25,0.12,0.17
582,White lupine,0.21,0.2,0.24,0.13,0.18,0.17,0.11,0.18,0.25,0.12,0.17
583,Malabar spinach,0.21,0.2,0.24,0.13,0.18,0.17,0.11,0.18,0.25,0.12,0.17
584,Mammee apple,0.21,0.2,0.24,0.13,0.18,0.17,0.11,0.18,0.25,0.12,0.17
585,Purple mangosteen,0.21,0.2,0.25,0.13,0.18,0.17,0.12,0.18,0.25,0.12,0.17
586,Alpine sweetvetch,0.21,0.2,0.24,0.13,0.18,0.17,0.11,0.18,0.25,0.12,0.17
587,Milkfish,0.0,0.2,0.24,0.13,0.18,0.17,0.11,0.18,0.25,0.12,0.17
588,Monkfish,0.0,0.2,0.24,0.13,0.18,0.17,0.11,0.18,0.25,0.12,0.17
589,Moose,0.0,0.2,0.24,0.13,0.18,0.17,0.11,0.18,0.25,0.12,0.17
590,Moth bean,0.21,0.2,0.24,0.13,0.18,0.17,0.11,0.18,0.25,0.12,0.17
591,Mountain yam,0.21,0.2,0.24,0.13,0.18,0.17,0.11,0.18,0.25,0.12,0.17
592,Striped mullet,0.0,0.2,0.24,0.13,0.18,0.17,0.11,0.18,0.25,0.12,0.17
593,Muskrat,0.0,0.2,0.24,0.13,0.18,0.17,0.11,0.18,0.25,0.12,0.17
594,New Zealand spinach,0.21,0.2,0.24,0.13,0.18,0.17,0.11,0.18,0.25,0.12,0.17
595,Nopal,0.21,0.2,0.24,0.13,0.18,0.17,0.11,0.18,0.25,0.12,0.17
596,Ocean pout,0.0,0.2,0.24,0.13,0.18,0.17,0.11,0.18,0.25,0.12,0.17
597,North Pacific giant octopus,0.0,0.2,0.24,0.13,0.18,0.17,0.11,0.18,0.25,0.12,0.17
598,Ohelo berry,0.21,0.2,0.24,0.13,0.18,0.17,0.11,0.18,0.25,0.12,0.17
600,Opossum,0.0,0.2,0.24,0.13,0.18,0.17,0.11,0.18,0.25,0.12,0.17
601,Ostrich,0.01,0.03,0.24,0.13,0.18,0.17,0.11,0.18,0.25,0.12,0.17
602,Spotted seal,0.0,0.03,0.24,0.13,0.18,0.17,0.11,0.18,0.25,0.12,0.17
603,Pacific herring,0.0,0.03,0.24,0.13,0.18,0.17,0.11,0.18,0.25,0.12,0.17
604,Pacific rockfish,0.0,0.03,0.24,0.13,0.18,0.17,0.11,0.18,0.25,0.12,0.17
606,Common persimmon,0.23,0.23,0.26,0.14,0.2,0.19,0.13,0.2,0.27,0.13,0.19
607,Pheasant,0.01,0.07,0.26,0.14,0.2,0.19,0.13,0.2,0.27,0.13,0.19
608,Northern pike,0.01,0.07,0.26,0.14,0.2,0.19,0.13,0.2,0.27,0.13,0.19
609,Pili nut,0.21,0.2,0.24,0.13,0.18,0.17,0.11,0.18,0.25,0.12,0.17
610,Colorado pinyon,0.21,0.2,0.24,0.13,0.18,0.17,0.11,0.18,0.25,0.12,0.17
611,Pitanga,0.22,0.2,0.26,0.13,0.18,0.17,0.11,0.18,0.27,0.15,0.2
612,French plantain,0.24,0.4,0.26,0.13,0.18,0.19,0.11,0.18,0.25,0.12,0.17
613,American pokeweed,0.22,0.2,0.25,0.13,0.18,0.17,0.11,0.18,0.25,0.12,0.17
614,Polar bear,0.0,0.2,0.25,0.13,0.18,0.17,0.11,0.18,0.25,0.12,0.17
615,Prairie turnip,0.21,0.2,0.24,0.13,0.18,0.17,0.11,0.18,0.25,0.12,0.17
616,Quinoa,0.21,0.27,0.24,0.13,0.18,0.17,0.11,0.18,0.25,0.12,0.17
617,European rabbit,0.0,0.27,0.24,0.13,0.18,0.17,0.11,0.18,0.25,0.12,0.17
618,Raccoon,0.0,0.27,0.24,0.13,0.18,0.17,0.11,0.18,0.25,0.12,0.17
619,Rainbow smelt,0.0,0.27,0.24,0.13,0.18,0.17,0.11,0.18,0.25,0.12,0.17
620,Rainbow trout,0.01,0.07,0.24,0.13,0.18,0.17,0.11,0.18,0.25,0.12,0.17
621,Malabar plum,0.21,0.2,0.24,0.13,0.18,0.17,0.11,0.18,0.25,0.12,0.17
622,Rose hip,0.22,0.3,0.24,0.13,0.18,0.17,0.11,0.18,0.25,0.12,0.17
623,Roselle,0.27,0.23,0.33,0.21,0.2,0.19,0.14,0.26,0.31,0.25,0.35
624,Orange roughy,0.0,0.03,0.33,0.21,0.2,0.19,0.14,0.26,0.31,0.25,0.35
625,Sablefish,0.0,0.03,0.33,0.21,0.2,0.19,0.14,0.26,0.31,0.25,0.35
626,Pink salmon,0.01,0.03,0.33,0.21,0.2,0.19,0.14,0.26,0.31,0.25,0.35
627,Chum salmon,0.01,0.03,0.33,0.21,0.2,0.19,0.14,0.26,0.31,0.25,0.35
628,Coho salmon,0.0,0.03,0.33,0.21,0.2,0.19,0.14,0.26,0.31,0.25,0.35
629,Sockeye salmon,0.01,0.03,0.33,0.21,0.2,0.19,0.14,0.26,0.31,0.25,0.35
630,Chinook salmon,0.01,0.03,0.33,0.21,0.2,0.19,0.14,0.26,0.31,0.25,0.35
631,Atlantic salmon,0.01,0.03,0.33,0.21,0.2,0.19,0.14,0.26,0.31,0.25,0.35
632,Salmonberry,0.22,0.2,0.26,0.13,0.18,0.17,0.11,0.18,0.25,0.12,0.17
633,Common salsify,0.21,0.2,0.24,0.13,0.18,0.17,0.11,0.18,0.25,0.12,0.17
634,Spanish mackerel,0.0,0.2,0.24,0.13,0.18,0.17,0.11,0.18,0.25,0.12,0.17
635,Pacific sardine,0.0,0.2,0.24,0.13,0.18,0.17,0.11,0.18,0.25,0.12,0.17
636,Scup,0.0,0.2,0.24,0.13,0.18,0.17,0.11,0.18,0.25,0.12,0.17
637,Sea cucumber,0.0,0.2,0.24,0.13,0.18,0.17,0.11,0.18,0.25,0.12,0.17
638,Steller sea lion,0.0,0.2,0.24,0.13,0.18,0.17,0.11,0.18,0.25,0.12,0.17
639,Bearded seal,0.01,0.03,0.24,0.13,0.18,0.17,0.11,0.18,0.25,0.12,0.17
640,Ringed seal,0.0,0.03,0.24,0.13,0.18,0.17,0.11,0.18,0.25,0.12,0.17
641,Sea trout,0.0,0.03,0.24,0.13,0.18,0.17,0.11,0.18,0.25,0.12,0.17
642,Sesbania flower,0.21,0.2,0.24,0.13,0.18,0.17,0.11,0.18,0.25,0.12,0.17
643,American shad,0.0,0.2,0.24,0.13,0.18,0.17,0.11,0.18,0.25,0.12,0.17
644,Shark,0.0,0.2,0.24,0.13,0.18,0.17,0.11,0.18,0.25,0.12,0.17
645,Sheefish,0.01,0.03,0.24,0.13,0.18,0.17,0.11,0.18,0.25,0.12,0.17
646,Sheepshead,0.0,0.03,0.24,0.13,0.18,0.17,0.11,0.18,0.25,0.12,0.17
647,Hedge mustard,0.21,0.2,0.24,0.13,0.18,0.17,0.11,0.18,0.25,0.12,0.17
648,Snapper,0.0,0.2,0.24,0.13,0.18,0.17,0.11,0.18,0.25,0.12,0.17
649,Spelt,0.21,0.27,0.24,0.13,0.18,0.17,0.11,0.18,0.25,0.12,0.17
650,Spirulina,0.21,0.2,0.24,0.13,0.18,0.17,0.11,0.18,0.25,0.12,0.17
651,Squab,0.01,0.07,0.24,0.13,0.18,0.17,0.11,0.18,0.25,0.12,0.17
652,Squirrel,0.0,0.07,0.24,0.13,0.18,0.17,0.11,0.18,0.25,0.12,0.17
653,Greater sturgeon,0.0,0.07,0.24,0.13,0.18,0.17,0.11,0.18,0.25,0.12,0.17
654,White sucker,0.0,0.07,0.24,0.13,0.18,0.17,0.11,0.18,0.25,0.12,0.17
655,Pumpkinseed sunfish,0.0,0.07,0.24,0.13,0.18,0.17,0.11,0.18,0.25,0.12,0.17
656,Swordfish,0.0,0.03,0.24,0.13,0.18,0.17,0.11,0.18,0.25,0.12,0.17
657,Taro,0.21,0.2,0.24,0.13,0.18,0.17,0.11,0.18,0.25,0.12,0.17
658,Teff,0.21,0.27,0.24,0.13,0.18,0.17,0.11,0.18,0.25,0.12,0.17
659,Tilefish,0.0,0.27,0.24,0.13,0.18,0.17,0.11,0.18,0.25,0.12,0.17
660,Mexican groundcherry,0.21,0.2,0.24,0.13,0.18,0.17,0.11,0.18,0.25,0.12,0.17
661,Towel gourd,0.21,0.2,0.24,0.13,0.18,0.17,0.11,0.18,0.25,0.12,0.17
662,Salmonidae,0.01,0.07,0.24,0.13,0.18,0.17,0.11,0.18,0.25,0.12,0.17
663,Walleye,0.0,0.07,0.24,0.13,0.18,0.17,0.11,0.18,0.25,0.12,0.17
664,Alaska pollock,0.0,0.03,0.24,0.13,0.18,0.17,0.11,0.18,0.25,0.12,0.17
665,Whelk,0.0,0.03,0.24,0.13,0.18,0.17,0.11,0.18,0.25,0.12,0.17
667,Broad whitefish,0.0,0.03,0.24,0.13,0.18,0.17,0.11,0.18,0.25,0.12,0.17
668,Whitefish,0.01,0.07,0.24,0.13,0.18,0.17,0.11,0.18,0.25,0.12,0.17
669,Whiting,0.01,0.07,0.24,0.13,0.18,0.17,0.11,0.18,0.25,0.12,0.17
670,Wild rice,0.21,0.2,0.24,0.13,0.18,0.17,0.11,0.18,0.25,0.12,0.17
671,Tea leaf willow,0.21,0.2,0.24,0.13,0.18,0.17,0.11,0.18,0.25,0.12,0.17
672,Winged bean,0.21,0.2,0.24,0.13,0.18,0.17,0.11,0.18,0.25,0.12,0.17
673,Yam,0.22,0.3,0.24,0.13,0.18,0.17,0.11,0.18,0.25,0.12,0.17
674,Jicama,0.21,0.2,0.24,0.13,0.18,0.17,0.11,0.18,0.25,0.12,0.17
675,Yautia,0.21,0.2,0.24,0.13,0.18,0.17,0.11,0.18,0.25,0.12,0.17
676,Yellowfin tuna,0.0,0.03,0.24,0.13,0.18,0.17,0.11,0.18,0.25,0.12,0.17
677,Yellowtail amberjack,0.0,0.03,0.24,0.13,0.18,0.17,0.11,0.18,0.25,0.12,0.17
678,Pollock,0.01,0.07,0.24,0.13,0.18,0.17,0.11,0.18,0.25,0.12,0.17
679,Albacore tuna,0.0,0.07,0.24,0.13,0.18,0.17,0.11,0.18,0.25,0.12,0.17
680,Atlantic halibut,0.01,0.07,0.24,0.13,0.18,0.17,0.11,0.18,0.25,0.12,0.17
682,Smelt,0.0,0.03,0.24,0.13,0.18,0.17,0.11,0.18,0.25,0.12,0.17
683,Clupeinae,0.01,0.07,0.24,0.13,0.18,0.17,0.11,0.18,0.25,0.12,0.17
684,Spiny lobster,0.0,0.07,0.24,0.13,0.18,0.17,0.11,0.18,0.25,0.12,0.17
685,Black-eyed pea,0.21,0.2,0.24,0.13,0.18,0.17,0.11,0.18,0.25,0.12,0.17
686,Deer,0.01,0.03,0.24,0.13,0.18,0.17,0.11,0.18,0.25,0.12,0.17
687,Percoidei,0.0,0.03,0.24,0.13,0.18,0.17,0.11,0.18,0.25,0.12,0.17
688,Perciformes,0.01,0.07,0.24,0.13,0.18,0.17,0.11,0.18,0.25,0.12,0.17
690,Rabbit,0.01,0.07,0.24,0.13,0.18,0.17,0.11,0.18,0.25,0.12,0.17
691,Beefalo,0.0,0.07,0.24,0.13,0.18,0.17,0.11,0.18,0.25,0.12,0.17
693,Bivalvia,0.0,0.03,0.24,0.13,0.18,0.17,0.11,0.18,0.25,0.12,0.17
694,Flatfish,0.01,0.07,0.24,0.13,0.18,0.17,0.11,0.18,0.25,0.12,0.17
695,Walrus,0.0,0.07,0.24,0.13,0.18,0.17,0.11,0.18,0.25,0.12,0.17
696,Alaska wild rhubarb,0.21,0.2,0.24,0.13,0.18,0.17,0.11,0.18,0.25,0.12,0.17
697,Oriental wheat,0.21,0.27,0.24,0.13,0.18,0.17,0.11,0.18,0.25,0.12,0.17
698,Yardlong bean,0.21,0.2,0.24,0.13,0.18,0.17,0.11,0.18,0.25,0.12,0.17
699,Great horned owl,0.21,0.2,0.24,0.13,0.18,0.17,0.11,0.18,0.25,0.12,0.17
700,Quail,0.0,0.2,0.24,0.13,0.18,0.17,0.11,0.18,0.25,0.12,0.17
701,Boysenberry,0.21,0.2,0.24,0.13,0.18,0.17,0.11,0.18,0.25,0.12,0.17
702,Rowal,0.21,0.2,0.24,0.13,0.18,0.17,0.11,0.18,0.25,0.12,0.17
703,Jew's ear,0.21,0.2,0.24,0.13,0.18,0.17,0.11,0.18,0.25,0.12,0.17
704,Shiitake,0.24,0.27,0.25,0.17,0.2,0.26,0.11,0.2,0.27,0.15,0.17
705,Purple laver,0.21,0.2,0.24,0.13,0.18,0.17,0.11,0.18,0.25,0.12,0.17
706,Wakame,0.22,0.2,0.24,0.13,0.18,0.17,0.11,0.18,0.28,0.13,0.17
707,Enokitake,0.21,0.27,0.24,0.13,0.18,0.17,0.11,0.18,0.25,0.12,0.17
708,Epazote,0.21,0.2,0.24,0.13,0.18,0.17,0.11,0.18,0.25,0.12,0.17
709,Oyster mushroom,0.21,0.27,0.24,0.13,0.18,0.17,0.11,0.18,0.25,0.12,0.17
710,Cloud ear fungus,0.21,0.2,0.24,0.13,0.18,0.17,0.11,0.18,0.25,0.12,0.17
711,Maitake,0.21,0.27,0.24,0.13,0.18,0.17,0.11,0.18,0.25,0.12,0.17
712,Ostrich fern,0.21,0.2,0.24,0.13,0.18,0.17,0.11,0.18,0.25,0.12,0.17
713,Spot croaker,0.0,0.2,0.24,0.13,0.18,0.17,0.11,0.18,0.25,0.12,0.17
714,Sourdock,0.21,0.2,0.24,0.13,0.18,0.17,0.11,0.18,0.25,0.12,0.17
715,Tinda,0.21,0.2,0.24,0.13,0.18,0.17,0.11,0.18,0.25,0.12,0.17
716,Atlantic menhaden,0.0,0.2,0.24,0.13,0.18,0.17,0.11,0.18,0.25,0.12,0.17
717,Agave,0.21,0.2,0.24,0.13,0.18,0.17,0.11,0.18,0.25,0.12,0.17
718,Narrowleaf cattail,0.21,0.2,0.24,0.13,0.18,0.17,0.11,0.18,0.25,0.12,0.17
719,Jellyfish,0.0,0.2,0.24,0.13,0.18,0.17,0.11,0.18,0.25,0.12,0.17
720,Anchovy,0.01,0.07,0.24,0.13,0.18,0.17,0.11,0.18,0.25,0.12,0.17
721,Blue whiting,0.01,0.07,0.24,0.13,0.18,0.17,0.11,0.18,0.25,0.12,0.17
722,Carp bream,0.01,0.07,0.24,0.13,0.18,0.17,0.11,0.18,0.25,0.12,0.17
723,Chanterelle,0.22,0.3,0.24,0.13,0.18,0.17,0.11,0.18,0.25,0.12,0.17
724,Sturgeon,0.01,0.07,0.24,0.13,0.18,0.17,0.11,0.18,0.25,0.12,0.17
725,Charr,0.01,0.07,0.24,0.13,0.18,0.17,0.11,0.18,0.25,0.12,0.17
726,Common dab,0.01,0.07,0.24,0.13,0.18,0.17,0.11,0.18,0.25,0.12,0.17
727,Spiny dogfish,0.01,0.07,0.24,0.13,0.18,0.17,0.11,0.18,0.25,0.12,0.17
728,Anatidae,0.01,0.07,0.24,0.13,0.18,0.17,0.11,0.18,0.25,0.12,0.17
729,Anguilliformes,0.01,0.07,0.24,0.13,0.18,0.17,0.11,0.18,0.25,0.12,0.17
730,True frog,0.01,0.07,0.24,0.13,0.18,0.17,0.11,0.18,0.25,0.12,0.17
731,Garfish,0.01,0.07,0.24,0.13,0.18,0.17,0.11,0.18,0.25,0.12,0.17
732,Gadiformes,0.01,0.07,0.24,0.13,0.18,0.17,0.11,0.18,0.25,0.12,0.17
733,Mountain hare,0.01,0.07,0.24,0.13,0.18,0.17,0.11,0.18,0.25,0.12,0.17
734,Lake trout,0.01,0.07,0.24,0.13,0.18,0.17,0.11,0.18,0.25,0.12,0.17
735,Lemon sole,0.01,0.07,0.24,0.13,0.18,0.17,0.11,0.18,0.25,0.12,0.17
736,Lumpsucker,0.01,0.07,0.24,0.13,0.18,0.17,0.11,0.18,0.25,0.12,0.17
737,Scombridae,0.01,0.07,0.24,0.13,0.18,0.17,0.11,0.18,0.25,0.12,0.17
738,Norway haddock,0.01,0.07,0.24,0.13,0.18,0.17,0.11,0.18,0.25,0.12,0.17
739,Norway pout,0.01,0.07,0.24,0.13,0.18,0.17,0.11,0.18,0.25,0.12,0.17
740,Oil palm,0.22,0.3,0.24,0.13,0.18,0.17,0.11,0.18,0.25,0.12,0.17
741,Sago palm,0.21,0.2,0.24,0.13,0.18,0.17,0.11,0.18,0.25,0.12,0.17
742,Persimmon,0.22,0.3,0.24,0.13,0.18,0.17,0.11,0.18,0.25,0.12,0.17
743,Pikeperch,0.01,0.07,0.24,0.13,0.18,0.17,0.11,0.18,0.25,0.12,0.17
744,Pleuronectidae,0.01,0.07,0.24,0.13,0.18,0.17,0.11,0.18,0.25,0.12,0.17
745,Rock ptarmigan,0.01,0.07,0.24,0.13,0.18,0.17,0.11,0.18,0.25,0.12,0.17
746,Pacific ocean perch,0.01,0.07,0.24,0.13,0.18,0.17,0.11,0.18,0.25,0.12,0.17
747,Black salsify,0.22,0.3,0.24,0.13,0.18,0.17,0.11,0.18,0.25,0.12,0.17
748,True seal,0.0,0.0,0.24,0.13,0.18,0.17,0.11,0.18,0.25,0.12,0.17
749,Red algae,0.22,0.3,0.24,0.13,0.18,0.17,0.11,0.18,0.25,0.12,0.17
750,Kombu,0.22,0.3,0.24,0.13,0.18,0.17,0.11,0.18,0.25,0.12,0.17
751,Snail,0.01,0.07,0.24,0.13,0.18,0.17,0.11,0.18,0.25,0.12,0.17
752,True sole,0.01,0.07,0.24,0.13,0.18,0.17,0.11,0.18,0.25,0.12,0.17
753,Catfish,0.01,0.07,0.24,0.13,0.18,0.17,0.11,0.18,0.25,0.12,0.17
754,Thistle,0.22,0.3,0.24,0.13,0.18,0.17,0.11,0.18,0.25,0.12,0.17
755,Common Tuna,0.01,0.07,0.24,0.13,0.18,0.17,0.11,0.18,0.25,0.12,0.17
756,Cetacea,0.01,0.07,0.24,0.13,0.18,0.17,0.11,0.18,0.25,0.12,0.17
757,Columbidae,0.0,0.07,0.24,0.13,0.18,0.17,0.11,0.18,0.25,0.12,0.17
758,Conch,0.21,0.2,0.24,0.13,0.18,0.17,0.11,0.18,0.25,0.12,0.17
759,Berry wine,0.0,0.2,0.24,0.13,0.18,0.17,0.11,0.18,0.25,0.12,0.17
762,Vodka,0.01,0.07,0.24,0.13,0.18,0.17,0.11,0.18,0.25,0.12,0.17
763,Ice cream,0.01,0.07,0.24,0.13,0.18,0.17,0.11,0.18,0.25,0.12,0.17
764,Vermouth,0.01,0.07,0.24,0.13,0.18,0.17,0.11,0.18,0.25,0.12,0.17
765,Madeira wine,0.0,0.0,0.24,0.13,0.18,0.17,0.11,0.18,0.25,0.12,0.17
766,Nougat,0.01,0.07,0.24,0.13,0.18,0.17,0.11,0.18,0.25,0.12,0.17
767,Toffee,0.01,0.07,0.24,0.13,0.18,0.17,0.11,0.18,0.25,0.12,0.17
768,Cake,0.01,0.03,0.24,0.13,0.18,0.17,0.11,0.18,0.25,0.12,0.17
769,Pizza,0.01,0.07,0.24,0.13,0.18,0.17,0.11,0.18,0.25,0.12,0.17
770,Ymer,0.01,0.07,0.24,0.13,0.18,0.17,0.11,0.18,0.25,0.12,0.17
771,Other snack food,0.01,0.07,0.24,0.13,0.18,0.17,0.11,0.18,0.25,0.12,0.17
772,Pastry,0.01,0.07,0.24,0.13,0.18,0.17,0.11,0.18,0.25,0.12,0.17
773,Drage,0.0,0.0,0.24,0.13,0.18,0.17,0.11,0.18,0.25,0.12,0.17
774,Chewing gum,0.0,0.0,0.24,0.13,0.18,0.17,0.11,0.18,0.25,0.12,0.17
775,Marzipan,0.01,0.07,0.24,0.13,0.18,0.17,0.11,0.18,0.25,0.12,0.17
776,Salad dressing,0.01,0.07,0.24,0.13,0.18,0.17,0.11,0.18,0.25,0.12,0.17
777,Sauce,0.01,0.07,0.24,0.13,0.18,0.17,0.11,0.18,0.25,0.12,0.17
778,Salt,0.01,0.07,0.24,0.13,0.18,0.17,0.11,0.18,0.25,0.12,0.17
780,Cream,0.01,0.07,0.24,0.13,0.18,0.17,0.11,0.18,0.25,0.12,0.17
781,Sugar,0.01,0.07,0.24,0.13,0.18,0.17,0.11,0.18,0.25,0.12,0.17
782,Sausage,0.01,0.07,0.24,0.13,0.18,0.17,0.11,0.18,0.25,0.12,0.17
783,Meatball,0.01,0.07,0.24,0.13,0.18,0.17,0.11,0.18,0.25,0.12,0.17
784,Pate,0.01,0.07,0.24,0.13,0.18,0.17,0.11,0.18,0.25,0.12,0.17
785,Sugar substitute,0.01,0.07,0.24,0.13,0.18,0.17,0.11,0.18,0.25,0.12,0.17
786,Meat bouillon,0.01,0.07,0.24,0.13,0.18,0.17,0.11,0.18,0.25,0.12,0.17
787,Other meat product,0.01,0.07,0.24,0.13,0.18,0.17,0.11,0.18,0.25,0.12,0.17
788,Whey,0.01,0.07,0.24,0.13,0.18,0.17,0.11,0.18,0.25,0.12,0.17
789,Casein,0.01,0.07,0.24,0.13,0.18,0.17,0.11,0.18,0.25,0.12,0.17
790,Fruit preserve,0.01,0.07,0.24,0.13,0.18,0.17,0.11,0.18,0.25,0.12,0.17
791,Leavening agent,0.01,0.07,0.24,0.13,0.18,0.17,0.11,0.18,0.25,0.12,0.17
792,Marshmallow,0.0,0.0,0.24,0.13,0.18,0.17,0.11,0.18,0.25,0.12,0.17
793,Gelatin,0.01,0.07,0.24,0.13,0.18,0.17,0.11,0.18,0.25,0.12,0.17
794,Water,0.01,0.07,0.24,0.13,0.18,0.17,0.11,0.18,0.25,0.12,0.17
795,Other fish product,0.01,0.07,0.24,0.13,0.18,0.17,0.11,0.18,0.25,0.12,0.17
796,Milk Human,0.01,0.07,0.24,0.13,0.18,0.17,0.11,0.18,0.25,0.12,0.17
799,Dumpling,0.0,0.0,0.24,0.13,0.18,0.17,0.11,0.18,0.25,0.12,0.17
800,Soup,0.01,0.07,0.24,0.13,0.18,0.17,0.11,0.18,0.25,0.12,0.17
803,Syrup,0.01,0.07,0.24,0.13,0.18,0.17,0.11,0.18,0.25,0.12,0.17
805,Remoulade,0.01,0.07,0.24,0.13,0.18,0.17,0.11,0.18,0.25,0.12,0.17
806,Chocolate spread,0.01,0.07,0.24,0.13,0.18,0.17,0.11,0.18,0.25,0.12,0.17
807,Fruit gum,0.01,0.07,0.24,0.13,0.18,0.17,0.11,0.18,0.25,0.12,0.17
810,Meringue,0.01,0.07,0.24,0.13,0.18,0.17,0.11,0.18,0.25,0.12,0.17
814,Cocoa butter,0.01,0.07,0.24,0.13,0.18,0.17,0.11,0.18,0.25,0.12,0.17
815,Cocoa powder,0.02,0.07,0.03,0.13,0.18,0.17,0.11,0.18,0.25,0.12,0.17
817,Chocolate,0.01,0.07,0.03,0.13,0.18,0.17,0.11,0.18,0.25,0.12,0.17
818,Hot chocolate,0.02,0.07,0.03,0.13,0.18,0.17,0.11,0.18,0.25,0.12,0.17
820,Kefir,0.01,0.07,0.03,0.13,0.18,0.17,0.11,0.18,0.25,0.12,0.17
821,Other fermented milk,0.01,0.07,0.03,0.13,0.18,0.17,0.11,0.18,0.25,0.12,0.17
822,Miso,0.01,0.07,0.03,0.13,0.18,0.17,0.11,0.18,0.25,0.12,0.17
823,Tofu,0.01,0.07,0.03,0.13,0.18,0.17,0.11,0.18,0.25,0.12,0.17
824,Zwieback,0.0,0.03,0.03,0.13,0.18,0.17,0.11,0.18,0.25,0.12,0.17
825,Roe,0.0,0.03,0.03,0.13,0.18,0.17,0.11,0.18,0.25,0.12,0.17
826,Cichlidae,0.01,0.03,0.03,0.13,0.18,0.17,0.11,0.18,0.25,0.12,0.17
827,Icing,0.01,0.03,0.03,0.13,0.18,0.17,0.11,0.18,0.25,0.12,0.17
828,Snack bar,0.01,0.03,0.03,0.13,0.18,0.17,0.11,0.18,0.25,0.12,0.17
829,Green turtle,0.0,0.03,0.03,0.13,0.18,0.17,0.11,0.18,0.25,0.12,0.17
830,Energy drink,0.0,0.03,0.03,0.13,0.18,0.17,0.11,0.18,0.25,0.12,0.17
831,Burrito,0.01,0.03,0.03,0.13,0.18,0.17,0.11,0.18,0.25,0.12,0.17
832,Hamburger,0.01,0.03,0.03,0.13,0.18,0.17,0.11,0.18,0.25,0.12,0.17
833,Chili,0.0,0.03,0.03,0.13,0.18,0.17,0.11,0.18,0.25,0.12,0.17
834,Taco,0.01,0.03,0.03,0.13,0.18,0.17,0.11,0.18,0.25,0.12,0.17
835,Tortilla,0.01,0.03,0.03,0.13,0.18,0.17,0.11,0.18,0.25,0.12,0.17
836,Nachos,0.01,0.03,0.03,0.13,0.18,0.17,0.11,0.18,0.25,0.12,0.17
837,Salad,0.0,0.03,0.03,0.13,0.18,0.17,0.11,0.18,0.25,0.12,0.17
839,Dulce de leche,0.0,0.03,0.03,0.13,0.18,0.17,0.11,0.18,0.25,0.12,0.17
840,Topping,0.01,0.03,0.03,0.13,0.18,0.17,0.11,0.18,0.25,0.12,0.17
841,Sweet custard,0.01,0.03,0.03,0.13,0.18,0.17,0.11,0.18,0.25,0.12,0.17
842,Egg roll,0.01,0.03,0.03,0.13,0.18,0.17,0.11,0.18,0.25,0.12,0.17
843,Heart of palm,0.0,0.03,0.03,0.13,0.18,0.17,0.11,0.18,0.25,0.12,0.17
845,Potato chip,0.01,0.03,0.03,0.13,0.18,0.17,0.11,0.18,0.25,0.12,0.17
846,Tortilla chip,0.01,0.03,0.03,0.13,0.18,0.17,0.11,0.18,0.25,0.12,0.17
847,Corn chip,0.01,0.03,0.03,0.13,0.18,0.17,0.11,0.18,0.25,0.12,0.17
848,Hibiscus tea,0.0,0.03,0.03,0.13,0.18,0.17,0.11,0.18,0.25,0.12,0.17
849,Stew,0.01,0.03,0.03,0.13,0.18,0.17,0.11,0.18,0.25,0.12,0.17
850,Gelatin dessert,0.01,0.07,0.03,0.13,0.18,0.17,0.11,0.18,0.25,0.12,0.17
851,Junket,0.0,0.07,0.03,0.13,0.18,0.17,0.11,0.18,0.25,0.12,0.17
852,Falafel,0.0,0.07,0.03,0.13,0.18,0.17,0.11,0.18,0.25,0.12,0.17
853,Frybread,0.0,0.03,0.03,0.13,0.18,0.17,0.11,0.18,0.25,0.12,0.17
854,Other-frozen-dessert,0.01,0.03,0.03,0.13,0.18,0.17,0.11,0.18,0.25,0.12,0.17
855,Lasagna,0.01,0.03,0.03,0.13,0.18,0.17,0.11,0.18,0.25,0.12,0.17
856,Morchella,0.0,0.03,0.03,0.13,0.18,0.17,0.11,0.18,0.25,0.12,0.17
857,Pancake,0.01,0.03,0.03,0.13,0.18,0.17,0.11,0.18,0.25,0.12,0.17
858,Pectin,0.0,0.03,0.03,0.13,0.18,0.17,0.11,0.18,0.25,0.12,0.17
859,Pudding,0.01,0.03,0.03,0.13,0.18,0.17,0.11,0.18,0.25,0.12,0.17
860,Waffle,0.0,0.03,0.03,0.13,0.18,0.17,0.11,0.18,0.25,0.12,0.17
861,Soy milk,0.01,0.07,0.03,0.13,0.18,0.17,0.11,0.18,0.25,0.12,0.17
862,Meatloaf,0.01,0.03,0.03,0.13,0.18,0.17,0.11,0.18,0.25,0.12,0.17
863,Cocktail,0.0,0.03,0.03,0.13,0.18,0.17,0.11,0.18,0.25,0.12,0.17
864,Couscous,0.0,0.03,0.03,0.13,0.18,0.17,0.11,0.18,0.25,0.12,0.17
865,Bulgur,0.0,0.03,0.03,0.13,0.18,0.17,0.11,0.18,0.25,0.12,0.17
867,Coffee mocha,0.0,0.03,0.03,0.13,0.18,0.17,0.11,0.18,0.25,0.12,0.17
868,Chimichanga,0.0,0.03,0.03,0.13,0.18,0.17,0.11,0.18,0.25,0.12,0.17
869,Semolina,0.01,0.07,0.03,0.13,0.18,0.17,0.11,0.18,0.25,0.12,0.17
870,Tapioca pearl,0.0,0.07,0.03,0.13,0.18,0.17,0.11,0.18,0.25,0.12,0.17
871,Tostada,0.0,0.07,0.03,0.13,0.18,0.17,0.11,0.18,0.25,0.12,0.17
872,Quesadilla,0.0,0.03,0.03,0.13,0.18,0.17,0.11,0.18,0.25,0.12,0.17
873,Baked potato,0.0,0.03,0.03,0.13,0.18,0.17,0.11,0.18,0.25,0.12,0.17
874,Hot dog,0.0,0.03,0.03,0.13,0.18,0.17,0.11,0.18,0.25,0.12,0.17
875,Spread,0.0,0.03,0.03,0.13,0.18,0.17,0.11,0.18,0.25,0.12,0.17
876,Enchilada,0.0,0.03,0.03,0.13,0.18,0.17,0.11,0.18,0.25,0.12,0.17
878,Nutritional drink,0.0,0.03,0.03,0.13,0.18,0.17,0.11,0.18,0.25,0.12,0.17
879,Other sandwich,0.01,0.03,0.03,0.13,0.18,0.17,0.11,0.18,0.25,0.12,0.17
880,Ketchup,0.01,0.07,0.03,0.13,0.18,0.17,0.11,0.18,0.25,0.12,0.17
881,Breakfast sandwich,0.01,0.03,0.03,0.13,0.18,0.17,0.11,0.18,0.25,0.12,0.17
882,Adobo,0.0,0.03,0.03,0.13,0.18,0.17,0.11,0.18,0.25,0.12,0.17
883,Macaroni and cheese,0.01,0.03,0.03,0.13,0.18,0.17,0.11,0.18,0.25,0.12,0.17
884,Horned melon,0.21,0.2,0.24,0.13,0.18,0.17,0.11,0.18,0.25,0.12,0.17
885,Hushpuppy,0.0,0.03,0.24,0.13,0.18,0.17,0.11,0.18,0.25,0.12,0.17
886,Fruit juice,0.01,0.07,0.24,0.13,0.18,0.17,0.11,0.18,0.25,0.12,0.17
887,Relish,0.0,0.07,0.24,0.13,0.18,0.17,0.11,0.18,0.25,0.12,0.17
889,Fruit salad,0.0,0.07,0.24,0.13,0.18,0.17,0.11,0.18,0.25,0.12,0.17
890,Soy yogurt,0.01,0.07,0.24,0.13,0.18,0.17,0.11,0.18,0.25,0.12,0.17
891,Vegetarian food,0.01,0.03,0.24,0.13,0.18,0.17,0.11,0.18,0.25,0.12,0.17
893,Cold cut,0.01,0.03,0.24,0.13,0.18,0.17,0.11,0.18,0.25,0.12,0.17
894,Mixed nuts,0.21,0.27,0.24,0.13,0.18,0.17,0.11,0.18,0.25,0.12,0.17
895,Babassu palm,0.21,0.2,0.24,0.13,0.18,0.17,0.11,0.18,0.25,0.12,0.17
896,Cupuau,0.21,0.2,0.24,0.13,0.18,0.17,0.11,0.18,0.25,0.12,0.17
897,Shea tree,0.21,0.2,0.24,0.13,0.18,0.17,0.11,0.18,0.25,0.12,0.17
898,Oil-seed Camellia,0.21,0.2,0.24,0.13,0.18,0.17,0.11,0.18,0.25,0.12,0.17
899,Ucuhuba,0.21,0.2,0.24,0.13,0.18,0.17,0.11,0.18,0.26,0.12,0.17
900,Phyllo dough,0.0,0.2,0.24,0.13,0.18,0.17,0.11,0.18,0.26,0.12,0.17
901,Cooking oil,0.01,0.03,0.24,0.13,0.18,0.17,0.11,0.18,0.26,0.12,0.17
902,Pie crust,0.01,0.03,0.24,0.13,0.18,0.17,0.11,0.18,0.26,0.12,0.17
904,Pie,0.01,0.03,0.24,0.13,0.18,0.17,0.11,0.18,0.26,0.12,0.17
905,Shortening,0.0,0.03,0.24,0.13,0.18,0.17,0.11,0.18,0.26,0.12,0.17
906,Soy cream,0.0,0.03,0.24,0.13,0.18,0.17,0.11,0.18,0.26,0.12,0.17
907,Ice cream cone,0.0,0.03,0.24,0.13,0.18,0.17,0.11,0.18,0.26,0.12,0.17
908,Molasses,0.0,0.03,0.24,0.13,0.18,0.17,0.11,0.18,0.26,0.12,0.17
909,Nance,0.21,0.2,0.24,0.13,0.18,0.17,0.11,0.18,0.25,0.12,0.17
911,Natto,0.0,0.2,0.24,0.13,0.18,0.17,0.11,0.18,0.25,0.12,0.17
912,Ravioli,0.0,0.03,0.24,0.13,0.18,0.17,0.11,0.18,0.25,0.12,0.17
913,Scrapple,0.0,0.03,0.24,0.13,0.18,0.17,0.11,0.18,0.25,0.12,0.17
914,Other pasta dish,0.01,0.03,0.24,0.13,0.18,0.17,0.11,0.18,0.25,0.12,0.17
915,Succotash,0.0,0.03,0.24,0.13,0.18,0.17,0.11,0.18,0.25,0.12,0.17
916,Tamale,0.01,0.03,0.24,0.13,0.18,0.17,0.11,0.18,0.25,0.12,0.17
917,Rice cake,0.0,0.03,0.24,0.13,0.18,0.17,0.11,0.18,0.25,0.12,0.17
918,Tree fern,0.21,0.2,0.24,0.13,0.18,0.17,0.11,0.18,0.25,0.12,0.17
919,Evaporated milk,0.0,0.2,0.24,0.13,0.18,0.17,0.11,0.18,0.25,0.12,0.17
920,Flour,0.0,0.03,0.24,0.13,0.18,0.17,0.11,0.18,0.25,0.12,0.17
921,Akutaq,0.0,0.03,0.24,0.13,0.18,0.17,0.11,0.18,0.25,0.12,0.17
923,Pita bread,0.0,0.03,0.24,0.13,0.18,0.17,0.11,0.18,0.25,0.12,0.17
924,Focaccia,0.01,0.03,0.24,0.13,0.18,0.17,0.11,0.18,0.25,0.12,0.17
925,Bagel,0.01,0.03,0.24,0.13,0.18,0.17,0.11,0.18,0.25,0.12,0.17
926,Other bread product,0.01,0.07,0.24,0.13,0.18,0.17,0.11,0.18,0.25,0.12,0.17
927,Piki bread,0.0,0.03,0.24,0.13,0.18,0.17,0.11,0.18,0.25,0.12,0.17
928,French toast,0.01,0.03,0.24,0.13,0.18,0.17,0.11,0.18,0.25,0.12,0.17
929,Oat bread,0.0,0.03,0.24,0.13,0.18,0.17,0.11,0.18,0.25,0.12,0.17
930,Potato bread,0.0,0.03,0.24,0.13,0.18,0.17,0.11,0.18,0.25,0.12,0.17
931,Cornbread,0.0,0.03,0.24,0.13,0.18,0.17,0.11,0.18,0.25,0.12,0.17
932,Corn grits,0.01,0.03,0.24,0.13,0.18,0.17,0.11,0.18,0.25,0.12,0.17
933,Multigrain bread,0.0,0.03,0.24,0.13,0.18,0.17,0.11,0.18,0.25,0.12,0.17
934,Rice bread,0.0,0.03,0.24,0.13,0.18,0.17,0.11,0.18,0.25,0.12,0.17
935,Pan dulce,0.0,0.03,0.24,0.13,0.18,0.17,0.11,0.18,0.25,0.12,0.17
936,Raisin bread,0.0,0.03,0.24,0.13,0.18,0.17,0.11,0.18,0.25,0.12,0.17
937,Wonton wrapper,0.0,0.03,0.24,0.13,0.18,0.17,0.11,0.18,0.25,0.12,0.17
938,Trail mix,0.0,0.03,0.24,0.13,0.18,0.17,0.11,0.18,0.25,0.12,0.17
939,Greenthread tea,0.21,0.2,0.24,0.13,0.18,0.17,0.11,0.18,0.25,0.12,0.17
941,Vegetable juice,0.01,0.07,0.24,0.13,0.18,0.17,0.11,0.18,0.25,0.12,0.17
942,Horchata,0.0,0.03,0.24,0.13,0.18,0.17,0.11,0.18,0.25,0.12,0.17
943,Soft drink,0.01,0.07,0.24,0.13,0.18,0.17,0.11,0.18,0.25,0.12,0.17
944,Milkshake,0.01,0.03,0.24,0.13,0.18,0.17,0.11,0.18,0.25,0.12,0.17
945,Chocolate mousse,0.0,0.03,0.24,0.13,0.18,0.17,0.11,0.18,0.25,0.12,0.17
947,Pupusa,0.0,0.03,0.24,0.13,0.18,0.17,0.11,0.18,0.25,0.12,0.17
948,Empanada,0.0,0.03,0.24,0.13,0.18,0.17,0.11,0.18,0.25,0.12,0.17
949,Arepa,0.0,0.03,0.24,0.13,0.18,0.17,0.11,0.18,0.25,0.12,0.17
950,Ascidians,0.0,0.03,0.24,0.13,0.18,0.17,0.11,0.18,0.25,0.12,0.17
951,Gefilte fish,0.0,0.03,0.24,0.13,0.18,0.17,0.11,0.18,0.25,0.12,0.17
952,Yellow pond lily,0.21,0.27,0.24,0.13,0.18,0.17,0.11,0.18,0.25,0.12,0.17
953,Fish burger,0.0,0.27,0.24,0.13,0.18,0.17,0.11,0.18,0.25,0.12,0.17
954,Other dish,0.01,0.07,0.24,0.13,0.18,0.17,0.11,0.18,0.25,0.12,0.17
955,Pot pie,0.01,0.03,0.24,0.13,0.18,0.17,0.11,0.18,0.25,0.12,0.17
956,Stuffing,0.01,0.03,0.24,0.13,0.18,0.17,0.11,0.18,0.25,0.12,0.17
958,Fudge,0.0,0.03,0.24,0.13,0.18,0.17,0.11,0.18,0.25,0.12,0.17
959,Candy bar,0.01,0.03,0.24,0.13,0.18,0.17,0.11,0.18,0.25,0.12,0.17
960,Condensed milk,0.0,0.03,0.24,0.13,0.18,0.17,0.11,0.18,0.25,0.12,0.17
961,Margarine,0.01,0.07,0.24,0.13,0.18,0.17,0.11,0.18,0.25,0.12,0.17
962,Margarine like spread,0.01,0.07,0.24,0.13,0.18,0.17,0.11,0.18,0.25,0.12,0.17
963,Hummus,0.0,0.03,0.24,0.13,0.18,0.17,0.11,0.18,0.25,0.12,0.17
964,Potato puffs,0.01,0.03,0.24,0.13,0.18,0.17,0.11,0.18,0.25,0.12,0.17
965,Potato gratin,0.0,0.03,0.24,0.13,0.18,0.17,0.11,0.18,0.25,0.12,0.17
967,Chinese bayberry,0.21,0.2,0.24,0.13,0.18,0.17,0.11,0.18,0.25,0.12,0.17
968,Green zucchini,0.23,0.3,0.26,0.13,0.18,0.19,0.11,0.18,0.25,0.12,0.17
969,Yellow zucchini,0.22,0.3,0.24,0.13,0.18,0.19,0.11,0.18,0.25,0.12,0.17
970,Saskatoon berry,0.21,0.2,0.24,0.13,0.18,0.19,0.11,0.18,0.25,0.12,0.17
971,Nanking cherry,0.21,0.2,0.24,0.13,0.18,0.19,0.11,0.18,0.25,0.12,0.17
972,Japanese pumpkin,0.22,0.3,0.24,0.13,0.18,0.19,0.11,0.18,0.25,0.12,0.17
977,Guinea hen,0.0,0.3,0.24,0.13,0.18,0.19,0.11,0.18,0.25,0.12,0.17
978,Cucurbita,0.22,0.3,0.24,0.13,0.18,0.17,0.11,0.18,0.25,0.12,0.17
